,Name,Class
0,../liftingdata/bench/bench44.jpg,0
1,../liftingdata/bench/bench50.jpg,0
2,../liftingdata/bench/rotatedbench75.jpg,0
3,../liftingdata/bench/bench78.jpg,0
4,../liftingdata/bench/rotatedbench49.jpg,0
5,../liftingdata/bench/bench87.jpg,0
6,../liftingdata/bench/bench93.jpg,0
7,../liftingdata/bench/flippedbench32.jpg,0
8,../liftingdata/bench/rotatedbench5.jpg,0
9,../liftingdata/bench/flippedbench26.jpg,0
10,../liftingdata/bench/flippedbench27.jpg,0
11,../liftingdata/bench/rotatedbench4.jpg,0
12,../liftingdata/bench/flippedbench33.jpg,0
13,../liftingdata/bench/bench92.jpg,0
14,../liftingdata/bench/bench86.jpg,0
15,../liftingdata/bench/rotatedbench48.jpg,0
16,../liftingdata/bench/bench79.jpg,0
17,../liftingdata/bench/bench51.jpg,0
18,../liftingdata/bench/rotatedbench74.jpg,0
19,../liftingdata/bench/rotatedbench60.jpg,0
20,../liftingdata/bench/bench45.jpg,0
21,../liftingdata/bench/rotatedbench76.jpg,0
22,../liftingdata/bench/bench53.jpg,0
23,../liftingdata/bench/bench47.jpg,0
24,../liftingdata/bench/rotatedbench62.jpg,0
25,../liftingdata/bench/flippedbench19.jpg,0
26,../liftingdata/bench/bench90.jpg,0
27,../liftingdata/bench/bench84.jpg,0
28,../liftingdata/bench/flippedbench25.jpg,0
29,../liftingdata/bench/rotatedbench89.jpg,0
30,../liftingdata/bench/rotatedbench6.jpg,0
31,../liftingdata/bench/flippedbench31.jpg,0
32,../liftingdata/bench/flippedbench30.jpg,0
33,../liftingdata/bench/rotatedbench7.jpg,0
34,../liftingdata/bench/rotatedbench88.jpg,0
35,../liftingdata/bench/flippedbench24.jpg,0
36,../liftingdata/bench/bench85.jpg,0
37,../liftingdata/bench/flippedbench18.jpg,0
38,../liftingdata/bench/bench91.jpg,0
39,../liftingdata/bench/bench46.jpg,0
40,../liftingdata/bench/rotatedbench63.jpg,0
41,../liftingdata/bench/rotatedbench77.jpg,0
42,../liftingdata/bench/bench52.jpg,0
43,../liftingdata/bench/bench56.jpg,0
44,../liftingdata/bench/rotatedbench73.jpg,0
45,../liftingdata/bench/rotatedbench67.jpg,0
46,../liftingdata/bench/bench42.jpg,0
47,../liftingdata/bench/flippedbench20.jpg,0
48,../liftingdata/bench/rotatedbench98.jpg,0
49,../liftingdata/bench/rotatedbench3.jpg,0
50,../liftingdata/bench/flippedbench34.jpg,0
51,../liftingdata/bench/bench95.jpg,0
52,../liftingdata/bench/bench81.jpg,0
53,../liftingdata/bench/bench80.jpg,0
54,../liftingdata/bench/bench94.jpg,0
55,../liftingdata/bench/flippedbench35.jpg,0
56,../liftingdata/bench/rotatedbench2.jpg,0
57,../liftingdata/bench/rotatedbench99.jpg,0
58,../liftingdata/bench/flippedbench21.jpg,0
59,../liftingdata/bench/rotatedbench66.jpg,0
60,../liftingdata/bench/bench43.jpg,0
61,../liftingdata/bench/bench57.jpg,0
62,../liftingdata/bench/rotatedbench72.jpg,0
63,../liftingdata/bench/flippedbench100.jpg,0
64,../liftingdata/bench/rotatedbench58.jpg,0
65,../liftingdata/bench/bench69.jpg,0
66,../liftingdata/bench/bench41.jpg,0
67,../liftingdata/bench/rotatedbench64.jpg,0
68,../liftingdata/bench/rotatedbench70.jpg,0
69,../liftingdata/bench/bench55.jpg,0
70,../liftingdata/bench/flippedbench37.jpg,0
71,../liftingdata/bench/flippedbench23.jpg,0
72,../liftingdata/bench/bench82.jpg,0
73,../liftingdata/bench/bench96.jpg,0
74,../liftingdata/bench/bench97.jpg,0
75,../liftingdata/bench/bench83.jpg,0
76,../liftingdata/bench/flippedbench22.jpg,0
77,../liftingdata/bench/rotatedbench1.jpg,0
78,../liftingdata/bench/flippedbench36.jpg,0
79,../liftingdata/bench/rotatedbench71.jpg,0
80,../liftingdata/bench/bench54.jpg,0
81,../liftingdata/bench/bench40.jpg,0
82,../liftingdata/bench/rotatedbench65.jpg,0
83,../liftingdata/bench/bench68.jpg,0
84,../liftingdata/bench/rotatedbench59.jpg,0
85,../liftingdata/bench/flippedbench9.jpg,0
86,../liftingdata/bench/bench6.jpg,0
87,../liftingdata/bench/bench27.jpg,0
88,../liftingdata/bench/rotatedbench16.jpg,0
89,../liftingdata/bench/bench33.jpg,0
90,../liftingdata/bench/flippedbench92.jpg,0
91,../liftingdata/bench/flippedbench86.jpg,0
92,../liftingdata/bench/flippedbench79.jpg,0
93,../liftingdata/bench/flippedbench51.jpg,0
94,../liftingdata/bench/flippedbench45.jpg,0
95,../liftingdata/bench/flippedbench44.jpg,0
96,../liftingdata/bench/flippedbench50.jpg,0
97,../liftingdata/bench/flippedbench78.jpg,0
98,../liftingdata/bench/flippedbench87.jpg,0
99,../liftingdata/bench/flippedbench93.jpg,0
100,../liftingdata/bench/rotatedbench17.jpg,0
101,../liftingdata/bench/bench32.jpg,0
102,../liftingdata/bench/bench26.jpg,0
103,../liftingdata/bench/bench7.jpg,0
104,../liftingdata/bench/flippedbench8.jpg,0
105,../liftingdata/bench/bench5.jpg,0
106,../liftingdata/bench/bench30.jpg,0
107,../liftingdata/bench/rotatedbench15.jpg,0
108,../liftingdata/bench/bench24.jpg,0
109,../liftingdata/bench/flippedbench85.jpg,0
110,../liftingdata/bench/rotatedbench29.jpg,0
111,../liftingdata/bench/flippedbench91.jpg,0
112,../liftingdata/bench/bench18.jpg,0
113,../liftingdata/bench/flippedbench46.jpg,0
114,../liftingdata/bench/flippedbench52.jpg,0
115,../liftingdata/bench/flippedbench53.jpg,0
116,../liftingdata/bench/flippedbench47.jpg,0
117,../liftingdata/bench/flippedbench90.jpg,0
118,../liftingdata/bench/bench19.jpg,0
119,../liftingdata/bench/rotatedbench28.jpg,0
120,../liftingdata/bench/flippedbench84.jpg,0
121,../liftingdata/bench/bench25.jpg,0
122,../liftingdata/bench/bench31.jpg,0
123,../liftingdata/bench/rotatedbench14.jpg,0
124,../liftingdata/bench/bench4.jpg,0
125,../liftingdata/bench/flippedbench80.jpg,0
126,../liftingdata/bench/rotatedbench38.jpg,0
127,../liftingdata/bench/flippedbench94.jpg,0
128,../liftingdata/bench/rotatedbench10.jpg,0
129,../liftingdata/bench/bench100.jpg,0
130,../liftingdata/bench/bench35.jpg,0
131,../liftingdata/bench/bench21.jpg,0
132,../liftingdata/bench/flippedbench43.jpg,0
133,../liftingdata/bench/flippedbench57.jpg,0
134,../liftingdata/bench/flippedbench56.jpg,0
135,../liftingdata/bench/flippedbench42.jpg,0
136,../liftingdata/bench/bench20.jpg,0
137,../liftingdata/bench/rotatedbench11.jpg,0
138,../liftingdata/bench/bench34.jpg,0
139,../liftingdata/bench/flippedbench95.jpg,0
140,../liftingdata/bench/rotatedbench39.jpg,0
141,../liftingdata/bench/flippedbench81.jpg,0
142,../liftingdata/bench/bench1.jpg,0
143,../liftingdata/bench/bench3.jpg,0
144,../liftingdata/bench/flippedbench97.jpg,0
145,../liftingdata/bench/flippedbench83.jpg,0
146,../liftingdata/bench/bench22.jpg,0
147,../liftingdata/bench/bench36.jpg,0
148,../liftingdata/bench/rotatedbench13.jpg,0
149,../liftingdata/bench/flippedbench54.jpg,0
150,../liftingdata/bench/flippedbench40.jpg,0
151,../liftingdata/bench/flippedbench68.jpg,0
152,../liftingdata/bench/flippedbench69.jpg,0
153,../liftingdata/bench/flippedbench41.jpg,0
154,../liftingdata/bench/flippedbench55.jpg,0
155,../liftingdata/bench/bench37.jpg,0
156,../liftingdata/bench/rotatedbench12.jpg,0
157,../liftingdata/bench/bench23.jpg,0
158,../liftingdata/bench/flippedbench82.jpg,0
159,../liftingdata/bench/flippedbench96.jpg,0
160,../liftingdata/bench/bench2.jpg,0
161,../liftingdata/bench/rotatedbench23.jpg,0
162,../liftingdata/bench/rotatedbench37.jpg,0
163,../liftingdata/bench/bench12.jpg,0
164,../liftingdata/bench/flippedbench58.jpg,0
165,../liftingdata/bench/flippedbench70.jpg,0
166,../liftingdata/bench/flippedbench64.jpg,0
167,../liftingdata/bench/flippedbench65.jpg,0
168,../liftingdata/bench/flippedbench71.jpg,0
169,../liftingdata/bench/flippedbench59.jpg,0
170,../liftingdata/bench/rotatedbench36.jpg,0
171,../liftingdata/bench/bench13.jpg,0
172,../liftingdata/bench/rotatedbench22.jpg,0
173,../liftingdata/bench/flippedbench1.jpg,0
174,../liftingdata/bench/flippedbench3.jpg,0
175,../liftingdata/bench/bench11.jpg,0
176,../liftingdata/bench/flippedbench98.jpg,0
177,../liftingdata/bench/rotatedbench34.jpg,0
178,../liftingdata/bench/rotatedbench20.jpg,0
179,../liftingdata/bench/bench39.jpg,0
180,../liftingdata/bench/flippedbench67.jpg,0
181,../liftingdata/bench/flippedbench73.jpg,0
182,../liftingdata/bench/flippedbench72.jpg,0
183,../liftingdata/bench/flippedbench66.jpg,0
184,../liftingdata/bench/bench38.jpg,0
185,../liftingdata/bench/rotatedbench21.jpg,0
186,../liftingdata/bench/bench10.jpg,0
187,../liftingdata/bench/rotatedbench35.jpg,0
188,../liftingdata/bench/flippedbench99.jpg,0
189,../liftingdata/bench/flippedbench2.jpg,0
190,../liftingdata/bench/flippedbench6.jpg,0
191,../liftingdata/bench/bench9.jpg,0
192,../liftingdata/bench/bench28.jpg,0
193,../liftingdata/bench/rotatedbench19.jpg,0
194,../liftingdata/bench/rotatedbench31.jpg,0
195,../liftingdata/bench/bench14.jpg,0
196,../liftingdata/bench/rotatedbench25.jpg,0
197,../liftingdata/bench/flippedbench89.jpg,0
198,../liftingdata/bench/flippedbench62.jpg,0
199,../liftingdata/bench/flippedbench76.jpg,0
200,../liftingdata/bench/flippedbench77.jpg,0
201,../liftingdata/bench/flippedbench63.jpg,0
202,../liftingdata/bench/flippedbench88.jpg,0
203,../liftingdata/bench/rotatedbench24.jpg,0
204,../liftingdata/bench/rotatedbench30.jpg,0
205,../liftingdata/bench/bench15.jpg,0
206,../liftingdata/bench/rotatedbench18.jpg,0
207,../liftingdata/bench/bench29.jpg,0
208,../liftingdata/bench/bench8.jpg,0
209,../liftingdata/bench/flippedbench7.jpg,0
210,../liftingdata/bench/flippedbench5.jpg,0
211,../liftingdata/bench/rotatedbench26.jpg,0
212,../liftingdata/bench/bench17.jpg,0
213,../liftingdata/bench/rotatedbench32.jpg,0
214,../liftingdata/bench/flippedbench75.jpg,0
215,../liftingdata/bench/flippedbench49.jpg,0
216,../liftingdata/bench/flippedbench48.jpg,0
217,../liftingdata/bench/flippedbench60.jpg,0
218,../liftingdata/bench/flippedbench74.jpg,0
219,../liftingdata/bench/bench16.jpg,0
220,../liftingdata/bench/rotatedbench33.jpg,0
221,../liftingdata/bench/rotatedbench27.jpg,0
222,../liftingdata/bench/flippedbench4.jpg,0
223,../liftingdata/bench/rotatedbench40.jpg,0
224,../liftingdata/bench/bench65.jpg,0
225,../liftingdata/bench/bench71.jpg,0
226,../liftingdata/bench/rotatedbench54.jpg,0
227,../liftingdata/bench/bench59.jpg,0
228,../liftingdata/bench/rotatedbench68.jpg,0
229,../liftingdata/bench/rotatedbench83.jpg,0
230,../liftingdata/bench/rotatedbench97.jpg,0
231,../liftingdata/bench/flippedbench13.jpg,0
232,../liftingdata/bench/flippedbench12.jpg,0
233,../liftingdata/bench/rotatedbench96.jpg,0
234,../liftingdata/bench/rotatedbench82.jpg,0
235,../liftingdata/bench/rotatedbench69.jpg,0
236,../liftingdata/bench/bench58.jpg,0
237,../liftingdata/bench/bench70.jpg,0
238,../liftingdata/bench/rotatedbench55.jpg,0
239,../liftingdata/bench/rotatedbench41.jpg,0
240,../liftingdata/bench/bench64.jpg,0
241,../liftingdata/bench/rotatedbench57.jpg,0
242,../liftingdata/bench/bench72.jpg,0
243,../liftingdata/bench/bench66.jpg,0
244,../liftingdata/bench/rotatedbench43.jpg,0
245,../liftingdata/bench/flippedbench38.jpg,0
246,../liftingdata/bench/rotatedbench94.jpg,0
247,../liftingdata/bench/rotatedbench80.jpg,0
248,../liftingdata/bench/rotatedbench100.jpg,0
249,../liftingdata/bench/bench99.jpg,0
250,../liftingdata/bench/flippedbench10.jpg,0
251,../liftingdata/bench/bench98.jpg,0
252,../liftingdata/bench/flippedbench11.jpg,0
253,../liftingdata/bench/rotatedbench81.jpg,0
254,../liftingdata/bench/rotatedbench95.jpg,0
255,../liftingdata/bench/flippedbench39.jpg,0
256,../liftingdata/bench/bench67.jpg,0
257,../liftingdata/bench/rotatedbench42.jpg,0
258,../liftingdata/bench/rotatedbench56.jpg,0
259,../liftingdata/bench/bench73.jpg,0
260,../liftingdata/bench/bench77.jpg,0
261,../liftingdata/bench/rotatedbench52.jpg,0
262,../liftingdata/bench/rotatedbench46.jpg,0
263,../liftingdata/bench/bench63.jpg,0
264,../liftingdata/bench/bench88.jpg,0
265,../liftingdata/bench/flippedbench15.jpg,0
266,../liftingdata/bench/rotatedbench91.jpg,0
267,../liftingdata/bench/rotatedbench85.jpg,0
268,../liftingdata/bench/flippedbench29.jpg,0
269,../liftingdata/bench/flippedbench28.jpg,0
270,../liftingdata/bench/rotatedbench84.jpg,0
271,../liftingdata/bench/rotatedbench90.jpg,0
272,../liftingdata/bench/flippedbench14.jpg,0
273,../liftingdata/bench/bench89.jpg,0
274,../liftingdata/bench/rotatedbench47.jpg,0
275,../liftingdata/bench/bench62.jpg,0
276,../liftingdata/bench/bench76.jpg,0
277,../liftingdata/bench/rotatedbench53.jpg,0
278,../liftingdata/bench/rotatedbench79.jpg,0
279,../liftingdata/bench/bench48.jpg,0
280,../liftingdata/bench/bench60.jpg,0
281,../liftingdata/bench/rotatedbench45.jpg,0
282,../liftingdata/bench/rotatedbench51.jpg,0
283,../liftingdata/bench/bench74.jpg,0
284,../liftingdata/bench/flippedbench16.jpg,0
285,../liftingdata/bench/rotatedbench86.jpg,0
286,../liftingdata/bench/rotatedbench9.jpg,0
287,../liftingdata/bench/rotatedbench92.jpg,0
288,../liftingdata/bench/rotatedbench93.jpg,0
289,../liftingdata/bench/rotatedbench8.jpg,0
290,../liftingdata/bench/rotatedbench87.jpg,0
291,../liftingdata/bench/flippedbench17.jpg,0
292,../liftingdata/bench/rotatedbench50.jpg,0
293,../liftingdata/bench/bench75.jpg,0
294,../liftingdata/bench/rotatedbench44.jpg,0
295,../liftingdata/bench/bench49.jpg,0
296,../liftingdata/bench/rotatedbench78.jpg,0
297,../liftingdata/deadlift/63.jpg,1
298,../liftingdata/deadlift/rotated48.jpg,1
299,../liftingdata/deadlift/77.jpg,1
300,../liftingdata/deadlift/rotated74.jpg,1
301,../liftingdata/deadlift/rotated60.jpg,1
302,../liftingdata/deadlift/88.jpg,1
303,../liftingdata/deadlift/flipped92.jpg,1
304,../liftingdata/deadlift/flipped86.jpg,1
305,../liftingdata/deadlift/flipped51.jpg,1
306,../liftingdata/deadlift/flipped45.jpg,1
307,../liftingdata/deadlift/flipped79.jpg,1
308,../liftingdata/deadlift/flipped78.jpg,1
309,../liftingdata/deadlift/flipped44.jpg,1
310,../liftingdata/deadlift/flipped50.jpg,1
311,../liftingdata/deadlift/flipped87.jpg,1
312,../liftingdata/deadlift/flipped93.jpg,1
313,../liftingdata/deadlift/89.jpg,1
314,../liftingdata/deadlift/rotated61.jpg,1
315,../liftingdata/deadlift/rotated75.jpg,1
316,../liftingdata/deadlift/76.jpg,1
317,../liftingdata/deadlift/62.jpg,1
318,../liftingdata/deadlift/rotated49.jpg,1
319,../liftingdata/deadlift/74.jpg,1
320,../liftingdata/deadlift/60.jpg,1
321,../liftingdata/deadlift/48.jpg,1
322,../liftingdata/deadlift/rotated63.jpg,1
323,../liftingdata/deadlift/rotated77.jpg,1
324,../liftingdata/deadlift/rotated88.jpg,1
325,../liftingdata/deadlift/flipped100.jpg,1
326,../liftingdata/deadlift/flipped85.jpg,1
327,../liftingdata/deadlift/flipped91.jpg,1
328,../liftingdata/deadlift/flipped46.jpg,1
329,../liftingdata/deadlift/flipped52.jpg,1
330,../liftingdata/deadlift/flipped53.jpg,1
331,../liftingdata/deadlift/flipped47.jpg,1
332,../liftingdata/deadlift/flipped90.jpg,1
333,../liftingdata/deadlift/flipped84.jpg,1
334,../liftingdata/deadlift/rotated89.jpg,1
335,../liftingdata/deadlift/rotated76.jpg,1
336,../liftingdata/deadlift/49.jpg,1
337,../liftingdata/deadlift/rotated62.jpg,1
338,../liftingdata/deadlift/61.jpg,1
339,../liftingdata/deadlift/75.jpg,1
340,../liftingdata/deadlift/rotated66.jpg,1
341,../liftingdata/deadlift/59.jpg,1
342,../liftingdata/deadlift/rotated72.jpg,1
343,../liftingdata/deadlift/71.jpg,1
344,../liftingdata/deadlift/65.jpg,1
345,../liftingdata/deadlift/rotated99.jpg,1
346,../liftingdata/deadlift/flipped8.jpg,1
347,../liftingdata/deadlift/flipped80.jpg,1
348,../liftingdata/deadlift/flipped94.jpg,1
349,../liftingdata/deadlift/flipped43.jpg,1
350,../liftingdata/deadlift/flipped57.jpg,1
351,../liftingdata/deadlift/flipped56.jpg,1
352,../liftingdata/deadlift/flipped42.jpg,1
353,../liftingdata/deadlift/flipped95.jpg,1
354,../liftingdata/deadlift/flipped81.jpg,1
355,../liftingdata/deadlift/flipped9.jpg,1
356,../liftingdata/deadlift/rotated98.jpg,1
357,../liftingdata/deadlift/64.jpg,1
358,../liftingdata/deadlift/70.jpg,1
359,../liftingdata/deadlift/58.jpg,1
360,../liftingdata/deadlift/rotated73.jpg,1
361,../liftingdata/deadlift/rotated71.jpg,1
362,../liftingdata/deadlift/8.jpg,1
363,../liftingdata/deadlift/rotated65.jpg,1
364,../liftingdata/deadlift/66.jpg,1
365,../liftingdata/deadlift/72.jpg,1
366,../liftingdata/deadlift/rotated59.jpg,1
367,../liftingdata/deadlift/99.jpg,1
368,../liftingdata/deadlift/flipped97.jpg,1
369,../liftingdata/deadlift/flipped83.jpg,1
370,../liftingdata/deadlift/flipped68.jpg,1
371,../liftingdata/deadlift/flipped54.jpg,1
372,../liftingdata/deadlift/flipped40.jpg,1
373,../liftingdata/deadlift/flipped41.jpg,1
374,../liftingdata/deadlift/flipped55.jpg,1
375,../liftingdata/deadlift/flipped69.jpg,1
376,../liftingdata/deadlift/flipped82.jpg,1
377,../liftingdata/deadlift/flipped96.jpg,1
378,../liftingdata/deadlift/98.jpg,1
379,../liftingdata/deadlift/73.jpg,1
380,../liftingdata/deadlift/rotated58.jpg,1
381,../liftingdata/deadlift/rotated64.jpg,1
382,../liftingdata/deadlift/9.jpg,1
383,../liftingdata/deadlift/rotated70.jpg,1
384,../liftingdata/deadlift/14.jpg,1
385,../liftingdata/deadlift/rotated17.jpg,1
386,../liftingdata/deadlift/28.jpg,1
387,../liftingdata/deadlift/flipped32.jpg,1
388,../liftingdata/deadlift/flipped26.jpg,1
389,../liftingdata/deadlift/rotated7.jpg,1
390,../liftingdata/deadlift/rotated6.jpg,1
391,../liftingdata/deadlift/flipped27.jpg,1
392,../liftingdata/deadlift/flipped33.jpg,1
393,../liftingdata/deadlift/100.jpg,1
394,../liftingdata/deadlift/29.jpg,1
395,../liftingdata/deadlift/rotated16.jpg,1
396,../liftingdata/deadlift/15.jpg,1
397,../liftingdata/deadlift/17.jpg,1
398,../liftingdata/deadlift/rotated28.jpg,1
399,../liftingdata/deadlift/rotated14.jpg,1
400,../liftingdata/deadlift/flipped25.jpg,1
401,../liftingdata/deadlift/flipped31.jpg,1
402,../liftingdata/deadlift/rotated4.jpg,1
403,../liftingdata/deadlift/flipped19.jpg,1
404,../liftingdata/deadlift/rotated5.jpg,1
405,../liftingdata/deadlift/flipped18.jpg,1
406,../liftingdata/deadlift/flipped30.jpg,1
407,../liftingdata/deadlift/flipped24.jpg,1
408,../liftingdata/deadlift/rotated15.jpg,1
409,../liftingdata/deadlift/rotated29.jpg,1
410,../liftingdata/deadlift/16.jpg,1
411,../liftingdata/deadlift/rotated11.jpg,1
412,../liftingdata/deadlift/12.jpg,1
413,../liftingdata/deadlift/rotated39.jpg,1
414,../liftingdata/deadlift/rotated1.jpg,1
415,../liftingdata/deadlift/flipped20.jpg,1
416,../liftingdata/deadlift/flipped34.jpg,1
417,../liftingdata/deadlift/flipped35.jpg,1
418,../liftingdata/deadlift/flipped21.jpg,1
419,../liftingdata/deadlift/13.jpg,1
420,../liftingdata/deadlift/rotated38.jpg,1
421,../liftingdata/deadlift/rotated10.jpg,1
422,../liftingdata/deadlift/39.jpg,1
423,../liftingdata/deadlift/rotated12.jpg,1
424,../liftingdata/deadlift/11.jpg,1
425,../liftingdata/deadlift/rotated2.jpg,1
426,../liftingdata/deadlift/flipped37.jpg,1
427,../liftingdata/deadlift/flipped23.jpg,1
428,../liftingdata/deadlift/flipped22.jpg,1
429,../liftingdata/deadlift/flipped36.jpg,1
430,../liftingdata/deadlift/rotated3.jpg,1
431,../liftingdata/deadlift/10.jpg,1
432,../liftingdata/deadlift/38.jpg,1
433,../liftingdata/deadlift/rotated13.jpg,1
434,../liftingdata/deadlift/21.jpg,1
435,../liftingdata/deadlift/35.jpg,1
436,../liftingdata/deadlift/rotated36.jpg,1
437,../liftingdata/deadlift/rotated22.jpg,1
438,../liftingdata/deadlift/flipped13.jpg,1
439,../liftingdata/deadlift/flipped12.jpg,1
440,../liftingdata/deadlift/rotated23.jpg,1
441,../liftingdata/deadlift/rotated37.jpg,1
442,../liftingdata/deadlift/34.jpg,1
443,../liftingdata/deadlift/20.jpg,1
444,../liftingdata/deadlift/36.jpg,1
445,../liftingdata/deadlift/22.jpg,1
446,../liftingdata/deadlift/rotated21.jpg,1
447,../liftingdata/deadlift/rotated35.jpg,1
448,../liftingdata/deadlift/flipped10.jpg,1
449,../liftingdata/deadlift/flipped38.jpg,1
450,../liftingdata/deadlift/flipped39.jpg,1
451,../liftingdata/deadlift/flipped11.jpg,1
452,../liftingdata/deadlift/rotated34.jpg,1
453,../liftingdata/deadlift/rotated20.jpg,1
454,../liftingdata/deadlift/23.jpg,1
455,../liftingdata/deadlift/37.jpg,1
456,../liftingdata/deadlift/rotated24.jpg,1
457,../liftingdata/deadlift/rotated30.jpg,1
458,../liftingdata/deadlift/33.jpg,1
459,../liftingdata/deadlift/rotated18.jpg,1
460,../liftingdata/deadlift/27.jpg,1
461,../liftingdata/deadlift/flipped29.jpg,1
462,../liftingdata/deadlift/rotated8.jpg,1
463,../liftingdata/deadlift/flipped15.jpg,1
464,../liftingdata/deadlift/rotated9.jpg,1
465,../liftingdata/deadlift/flipped14.jpg,1
466,../liftingdata/deadlift/flipped28.jpg,1
467,../liftingdata/deadlift/26.jpg,1
468,../liftingdata/deadlift/32.jpg,1
469,../liftingdata/deadlift/rotated19.jpg,1
470,../liftingdata/deadlift/rotated31.jpg,1
471,../liftingdata/deadlift/rotated25.jpg,1
472,../liftingdata/deadlift/18.jpg,1
473,../liftingdata/deadlift/rotated33.jpg,1
474,../liftingdata/deadlift/rotated27.jpg,1
475,../liftingdata/deadlift/24.jpg,1
476,../liftingdata/deadlift/30.jpg,1
477,../liftingdata/deadlift/rotated100.jpg,1
478,../liftingdata/deadlift/flipped16.jpg,1
479,../liftingdata/deadlift/flipped17.jpg,1
480,../liftingdata/deadlift/31.jpg,1
481,../liftingdata/deadlift/25.jpg,1
482,../liftingdata/deadlift/rotated26.jpg,1
483,../liftingdata/deadlift/19.jpg,1
484,../liftingdata/deadlift/rotated32.jpg,1
485,../liftingdata/deadlift/42.jpg,1
486,../liftingdata/deadlift/rotated69.jpg,1
487,../liftingdata/deadlift/4.jpg,1
488,../liftingdata/deadlift/56.jpg,1
489,../liftingdata/deadlift/rotated55.jpg,1
490,../liftingdata/deadlift/rotated41.jpg,1
491,../liftingdata/deadlift/81.jpg,1
492,../liftingdata/deadlift/95.jpg,1
493,../liftingdata/deadlift/rotated96.jpg,1
494,../liftingdata/deadlift/rotated82.jpg,1
495,../liftingdata/deadlift/flipped7.jpg,1
496,../liftingdata/deadlift/flipped70.jpg,1
497,../liftingdata/deadlift/flipped64.jpg,1
498,../liftingdata/deadlift/flipped58.jpg,1
499,../liftingdata/deadlift/flipped59.jpg,1
500,../liftingdata/deadlift/flipped65.jpg,1
501,../liftingdata/deadlift/flipped71.jpg,1
502,../liftingdata/deadlift/flipped6.jpg,1
503,../liftingdata/deadlift/rotated83.jpg,1
504,../liftingdata/deadlift/rotated97.jpg,1
505,../liftingdata/deadlift/94.jpg,1
506,../liftingdata/deadlift/80.jpg,1
507,../liftingdata/deadlift/rotated40.jpg,1
508,../liftingdata/deadlift/rotated54.jpg,1
509,../liftingdata/deadlift/5.jpg,1
510,../liftingdata/deadlift/57.jpg,1
511,../liftingdata/deadlift/43.jpg,1
512,../liftingdata/deadlift/rotated68.jpg,1
513,../liftingdata/deadlift/55.jpg,1
514,../liftingdata/deadlift/7.jpg,1
515,../liftingdata/deadlift/41.jpg,1
516,../liftingdata/deadlift/69.jpg,1
517,../liftingdata/deadlift/rotated42.jpg,1
518,../liftingdata/deadlift/rotated56.jpg,1
519,../liftingdata/deadlift/96.jpg,1
520,../liftingdata/deadlift/82.jpg,1
521,../liftingdata/deadlift/rotated81.jpg,1
522,../liftingdata/deadlift/rotated95.jpg,1
523,../liftingdata/deadlift/flipped4.jpg,1
524,../liftingdata/deadlift/flipped98.jpg,1
525,../liftingdata/deadlift/flipped73.jpg,1
526,../liftingdata/deadlift/flipped72.jpg,1
527,../liftingdata/deadlift/flipped66.jpg,1
528,../liftingdata/deadlift/flipped99.jpg,1
529,../liftingdata/deadlift/flipped5.jpg,1
530,../liftingdata/deadlift/rotated94.jpg,1
531,../liftingdata/deadlift/rotated80.jpg,1
532,../liftingdata/deadlift/83.jpg,1
533,../liftingdata/deadlift/97.jpg,1
534,../liftingdata/deadlift/rotated57.jpg,1
535,../liftingdata/deadlift/68.jpg,1
536,../liftingdata/deadlift/rotated43.jpg,1
537,../liftingdata/deadlift/40.jpg,1
538,../liftingdata/deadlift/54.jpg,1
539,../liftingdata/deadlift/6.jpg,1
540,../liftingdata/deadlift/rotated47.jpg,1
541,../liftingdata/deadlift/78.jpg,1
542,../liftingdata/deadlift/rotated53.jpg,1
543,../liftingdata/deadlift/2.jpg,1
544,../liftingdata/deadlift/50.jpg,1
545,../liftingdata/deadlift/44.jpg,1
546,../liftingdata/deadlift/rotated84.jpg,1
547,../liftingdata/deadlift/rotated90.jpg,1
548,../liftingdata/deadlift/93.jpg,1
549,../liftingdata/deadlift/87.jpg,1
550,../liftingdata/deadlift/flipped89.jpg,1
551,../liftingdata/deadlift/flipped1.jpg,1
552,../liftingdata/deadlift/flipped62.jpg,1
553,../liftingdata/deadlift/flipped76.jpg,1
554,../liftingdata/deadlift/flipped77.jpg,1
555,../liftingdata/deadlift/flipped63.jpg,1
556,../liftingdata/deadlift/flipped88.jpg,1
557,../liftingdata/deadlift/86.jpg,1
558,../liftingdata/deadlift/92.jpg,1
559,../liftingdata/deadlift/rotated91.jpg,1
560,../liftingdata/deadlift/rotated85.jpg,1
561,../liftingdata/deadlift/45.jpg,1
562,../liftingdata/deadlift/3.jpg,1
563,../liftingdata/deadlift/51.jpg,1
564,../liftingdata/deadlift/79.jpg,1
565,../liftingdata/deadlift/rotated52.jpg,1
566,../liftingdata/deadlift/rotated46.jpg,1
567,../liftingdata/deadlift/rotated50.jpg,1
568,../liftingdata/deadlift/rotated44.jpg,1
569,../liftingdata/deadlift/47.jpg,1
570,../liftingdata/deadlift/53.jpg,1
571,../liftingdata/deadlift/1.jpg,1
572,../liftingdata/deadlift/rotated78.jpg,1
573,../liftingdata/deadlift/rotated93.jpg,1
574,../liftingdata/deadlift/rotated87.jpg,1
575,../liftingdata/deadlift/84.jpg,1
576,../liftingdata/deadlift/90.jpg,1
577,../liftingdata/deadlift/flipped2.jpg,1
578,../liftingdata/deadlift/flipped49.jpg,1
579,../liftingdata/deadlift/flipped75.jpg,1
580,../liftingdata/deadlift/flipped61.jpg,1
581,../liftingdata/deadlift/flipped60.jpg,1
582,../liftingdata/deadlift/flipped74.jpg,1
583,../liftingdata/deadlift/flipped48.jpg,1
584,../liftingdata/deadlift/flipped3.jpg,1
585,../liftingdata/deadlift/91.jpg,1
586,../liftingdata/deadlift/85.jpg,1
587,../liftingdata/deadlift/rotated86.jpg,1
588,../liftingdata/deadlift/rotated92.jpg,1
589,../liftingdata/deadlift/52.jpg,1
590,../liftingdata/deadlift/rotated79.jpg,1
591,../liftingdata/deadlift/46.jpg,1
592,../liftingdata/deadlift/rotated45.jpg,1
593,../liftingdata/deadlift/rotated51.jpg,1
594,../liftingdata/squat/63.jpg,2
595,../liftingdata/squat/rotated48.jpg,2
596,../liftingdata/squat/77.jpg,2
597,../liftingdata/squat/rotated74.jpg,2
598,../liftingdata/squat/rotated60.jpg,2
599,../liftingdata/squat/88.jpg,2
600,../liftingdata/squat/flipped92.jpg,2
601,../liftingdata/squat/flipped86.jpg,2
602,../liftingdata/squat/flipped51.jpg,2
603,../liftingdata/squat/flipped45.jpg,2
604,../liftingdata/squat/flipped79.jpg,2
605,../liftingdata/squat/flipped78.jpg,2
606,../liftingdata/squat/flipped44.jpg,2
607,../liftingdata/squat/flipped50.jpg,2
608,../liftingdata/squat/flipped87.jpg,2
609,../liftingdata/squat/flipped93.jpg,2
610,../liftingdata/squat/89.jpg,2
611,../liftingdata/squat/rotated61.jpg,2
612,../liftingdata/squat/rotated75.jpg,2
613,../liftingdata/squat/76.jpg,2
614,../liftingdata/squat/62.jpg,2
615,../liftingdata/squat/rotated49.jpg,2
616,../liftingdata/squat/74.jpg,2
617,../liftingdata/squat/60.jpg,2
618,../liftingdata/squat/48.jpg,2
619,../liftingdata/squat/rotated63.jpg,2
620,../liftingdata/squat/rotated77.jpg,2
621,../liftingdata/squat/rotated88.jpg,2
622,../liftingdata/squat/flipped100.jpg,2
623,../liftingdata/squat/flipped85.jpg,2
624,../liftingdata/squat/flipped91.jpg,2
625,../liftingdata/squat/flipped46.jpg,2
626,../liftingdata/squat/flipped52.jpg,2
627,../liftingdata/squat/flipped53.jpg,2
628,../liftingdata/squat/flipped47.jpg,2
629,../liftingdata/squat/flipped90.jpg,2
630,../liftingdata/squat/flipped84.jpg,2
631,../liftingdata/squat/rotated89.jpg,2
632,../liftingdata/squat/rotated76.jpg,2
633,../liftingdata/squat/49.jpg,2
634,../liftingdata/squat/rotated62.jpg,2
635,../liftingdata/squat/61.jpg,2
636,../liftingdata/squat/75.jpg,2
637,../liftingdata/squat/rotated66.jpg,2
638,../liftingdata/squat/59.jpg,2
639,../liftingdata/squat/rotated72.jpg,2
640,../liftingdata/squat/71.jpg,2
641,../liftingdata/squat/65.jpg,2
642,../liftingdata/squat/rotated99.jpg,2
643,../liftingdata/squat/flipped8.jpg,2
644,../liftingdata/squat/flipped80.jpg,2
645,../liftingdata/squat/flipped94.jpg,2
646,../liftingdata/squat/flipped43.jpg,2
647,../liftingdata/squat/flipped57.jpg,2
648,../liftingdata/squat/flipped56.jpg,2
649,../liftingdata/squat/flipped42.jpg,2
650,../liftingdata/squat/flipped95.jpg,2
651,../liftingdata/squat/flipped81.jpg,2
652,../liftingdata/squat/flipped9.jpg,2
653,../liftingdata/squat/rotated98.jpg,2
654,../liftingdata/squat/64.jpg,2
655,../liftingdata/squat/70.jpg,2
656,../liftingdata/squat/58.jpg,2
657,../liftingdata/squat/rotated73.jpg,2
658,../liftingdata/squat/rotated67.jpg,2
659,../liftingdata/squat/rotated71.jpg,2
660,../liftingdata/squat/8.jpg,2
661,../liftingdata/squat/rotated65.jpg,2
662,../liftingdata/squat/66.jpg,2
663,../liftingdata/squat/72.jpg,2
664,../liftingdata/squat/rotated59.jpg,2
665,../liftingdata/squat/99.jpg,2
666,../liftingdata/squat/flipped97.jpg,2
667,../liftingdata/squat/flipped83.jpg,2
668,../liftingdata/squat/flipped68.jpg,2
669,../liftingdata/squat/flipped54.jpg,2
670,../liftingdata/squat/flipped40.jpg,2
671,../liftingdata/squat/flipped41.jpg,2
672,../liftingdata/squat/flipped55.jpg,2
673,../liftingdata/squat/flipped69.jpg,2
674,../liftingdata/squat/flipped82.jpg,2
675,../liftingdata/squat/flipped96.jpg,2
676,../liftingdata/squat/98.jpg,2
677,../liftingdata/squat/73.jpg,2
678,../liftingdata/squat/rotated58.jpg,2
679,../liftingdata/squat/67.jpg,2
680,../liftingdata/squat/rotated64.jpg,2
681,../liftingdata/squat/9.jpg,2
682,../liftingdata/squat/rotated70.jpg,2
683,../liftingdata/squat/14.jpg,2
684,../liftingdata/squat/rotated17.jpg,2
685,../liftingdata/squat/28.jpg,2
686,../liftingdata/squat/flipped32.jpg,2
687,../liftingdata/squat/flipped26.jpg,2
688,../liftingdata/squat/rotated7.jpg,2
689,../liftingdata/squat/rotated6.jpg,2
690,../liftingdata/squat/flipped27.jpg,2
691,../liftingdata/squat/flipped33.jpg,2
692,../liftingdata/squat/100.jpg,2
693,../liftingdata/squat/29.jpg,2
694,../liftingdata/squat/rotated16.jpg,2
695,../liftingdata/squat/15.jpg,2
696,../liftingdata/squat/17.jpg,2
697,../liftingdata/squat/rotated28.jpg,2
698,../liftingdata/squat/rotated14.jpg,2
699,../liftingdata/squat/flipped25.jpg,2
700,../liftingdata/squat/flipped31.jpg,2
701,../liftingdata/squat/rotated4.jpg,2
702,../liftingdata/squat/flipped19.jpg,2
703,../liftingdata/squat/rotated5.jpg,2
704,../liftingdata/squat/flipped18.jpg,2
705,../liftingdata/squat/flipped30.jpg,2
706,../liftingdata/squat/flipped24.jpg,2
707,../liftingdata/squat/rotated15.jpg,2
708,../liftingdata/squat/rotated29.jpg,2
709,../liftingdata/squat/16.jpg,2
710,../liftingdata/squat/rotated11.jpg,2
711,../liftingdata/squat/12.jpg,2
712,../liftingdata/squat/rotated39.jpg,2
713,../liftingdata/squat/rotated1.jpg,2
714,../liftingdata/squat/flipped20.jpg,2
715,../liftingdata/squat/flipped34.jpg,2
716,../liftingdata/squat/flipped35.jpg,2
717,../liftingdata/squat/flipped21.jpg,2
718,../liftingdata/squat/13.jpg,2
719,../liftingdata/squat/rotated38.jpg,2
720,../liftingdata/squat/rotated10.jpg,2
721,../liftingdata/squat/39.jpg,2
722,../liftingdata/squat/rotated12.jpg,2
723,../liftingdata/squat/11.jpg,2
724,../liftingdata/squat/rotated2.jpg,2
725,../liftingdata/squat/flipped37.jpg,2
726,../liftingdata/squat/flipped23.jpg,2
727,../liftingdata/squat/flipped22.jpg,2
728,../liftingdata/squat/flipped36.jpg,2
729,../liftingdata/squat/rotated3.jpg,2
730,../liftingdata/squat/10.jpg,2
731,../liftingdata/squat/38.jpg,2
732,../liftingdata/squat/rotated13.jpg,2
733,../liftingdata/squat/21.jpg,2
734,../liftingdata/squat/35.jpg,2
735,../liftingdata/squat/rotated36.jpg,2
736,../liftingdata/squat/rotated22.jpg,2
737,../liftingdata/squat/flipped13.jpg,2
738,../liftingdata/squat/flipped12.jpg,2
739,../liftingdata/squat/rotated23.jpg,2
740,../liftingdata/squat/rotated37.jpg,2
741,../liftingdata/squat/34.jpg,2
742,../liftingdata/squat/20.jpg,2
743,../liftingdata/squat/36.jpg,2
744,../liftingdata/squat/22.jpg,2
745,../liftingdata/squat/rotated21.jpg,2
746,../liftingdata/squat/rotated35.jpg,2
747,../liftingdata/squat/flipped10.jpg,2
748,../liftingdata/squat/flipped38.jpg,2
749,../liftingdata/squat/flipped39.jpg,2
750,../liftingdata/squat/flipped11.jpg,2
751,../liftingdata/squat/rotated34.jpg,2
752,../liftingdata/squat/rotated20.jpg,2
753,../liftingdata/squat/23.jpg,2
754,../liftingdata/squat/37.jpg,2
755,../liftingdata/squat/rotated24.jpg,2
756,../liftingdata/squat/rotated30.jpg,2
757,../liftingdata/squat/33.jpg,2
758,../liftingdata/squat/rotated18.jpg,2
759,../liftingdata/squat/27.jpg,2
760,../liftingdata/squat/flipped29.jpg,2
761,../liftingdata/squat/rotated8.jpg,2
762,../liftingdata/squat/flipped15.jpg,2
763,../liftingdata/squat/rotated9.jpg,2
764,../liftingdata/squat/flipped14.jpg,2
765,../liftingdata/squat/flipped28.jpg,2
766,../liftingdata/squat/26.jpg,2
767,../liftingdata/squat/32.jpg,2
768,../liftingdata/squat/rotated19.jpg,2
769,../liftingdata/squat/rotated31.jpg,2
770,../liftingdata/squat/rotated25.jpg,2
771,../liftingdata/squat/18.jpg,2
772,../liftingdata/squat/rotated33.jpg,2
773,../liftingdata/squat/rotated27.jpg,2
774,../liftingdata/squat/24.jpg,2
775,../liftingdata/squat/30.jpg,2
776,../liftingdata/squat/rotated100.jpg,2
777,../liftingdata/squat/flipped16.jpg,2
778,../liftingdata/squat/flipped17.jpg,2
779,../liftingdata/squat/31.jpg,2
780,../liftingdata/squat/25.jpg,2
781,../liftingdata/squat/rotated26.jpg,2
782,../liftingdata/squat/19.jpg,2
783,../liftingdata/squat/rotated32.jpg,2
784,../liftingdata/squat/42.jpg,2
785,../liftingdata/squat/rotated69.jpg,2
786,../liftingdata/squat/4.jpg,2
787,../liftingdata/squat/56.jpg,2
788,../liftingdata/squat/rotated55.jpg,2
789,../liftingdata/squat/rotated41.jpg,2
790,../liftingdata/squat/81.jpg,2
791,../liftingdata/squat/95.jpg,2
792,../liftingdata/squat/rotated96.jpg,2
793,../liftingdata/squat/rotated82.jpg,2
794,../liftingdata/squat/flipped7.jpg,2
795,../liftingdata/squat/flipped70.jpg,2
796,../liftingdata/squat/flipped64.jpg,2
797,../liftingdata/squat/flipped58.jpg,2
798,../liftingdata/squat/flipped59.jpg,2
799,../liftingdata/squat/flipped65.jpg,2
800,../liftingdata/squat/flipped71.jpg,2
801,../liftingdata/squat/flipped6.jpg,2
802,../liftingdata/squat/rotated83.jpg,2
803,../liftingdata/squat/rotated97.jpg,2
804,../liftingdata/squat/94.jpg,2
805,../liftingdata/squat/80.jpg,2
806,../liftingdata/squat/rotated40.jpg,2
807,../liftingdata/squat/rotated54.jpg,2
808,../liftingdata/squat/5.jpg,2
809,../liftingdata/squat/57.jpg,2
810,../liftingdata/squat/43.jpg,2
811,../liftingdata/squat/rotated68.jpg,2
812,../liftingdata/squat/55.jpg,2
813,../liftingdata/squat/7.jpg,2
814,../liftingdata/squat/41.jpg,2
815,../liftingdata/squat/69.jpg,2
816,../liftingdata/squat/rotated42.jpg,2
817,../liftingdata/squat/rotated56.jpg,2
818,../liftingdata/squat/96.jpg,2
819,../liftingdata/squat/82.jpg,2
820,../liftingdata/squat/rotated81.jpg,2
821,../liftingdata/squat/rotated95.jpg,2
822,../liftingdata/squat/flipped4.jpg,2
823,../liftingdata/squat/flipped98.jpg,2
824,../liftingdata/squat/flipped67.jpg,2
825,../liftingdata/squat/flipped73.jpg,2
826,../liftingdata/squat/flipped72.jpg,2
827,../liftingdata/squat/flipped66.jpg,2
828,../liftingdata/squat/flipped99.jpg,2
829,../liftingdata/squat/flipped5.jpg,2
830,../liftingdata/squat/rotated94.jpg,2
831,../liftingdata/squat/rotated80.jpg,2
832,../liftingdata/squat/83.jpg,2
833,../liftingdata/squat/97.jpg,2
834,../liftingdata/squat/rotated57.jpg,2
835,../liftingdata/squat/68.jpg,2
836,../liftingdata/squat/rotated43.jpg,2
837,../liftingdata/squat/40.jpg,2
838,../liftingdata/squat/54.jpg,2
839,../liftingdata/squat/6.jpg,2
840,../liftingdata/squat/rotated47.jpg,2
841,../liftingdata/squat/78.jpg,2
842,../liftingdata/squat/rotated53.jpg,2
843,../liftingdata/squat/2.jpg,2
844,../liftingdata/squat/50.jpg,2
845,../liftingdata/squat/44.jpg,2
846,../liftingdata/squat/rotated84.jpg,2
847,../liftingdata/squat/rotated90.jpg,2
848,../liftingdata/squat/93.jpg,2
849,../liftingdata/squat/87.jpg,2
850,../liftingdata/squat/flipped89.jpg,2
851,../liftingdata/squat/flipped1.jpg,2
852,../liftingdata/squat/flipped62.jpg,2
853,../liftingdata/squat/flipped76.jpg,2
854,../liftingdata/squat/flipped77.jpg,2
855,../liftingdata/squat/flipped63.jpg,2
856,../liftingdata/squat/flipped88.jpg,2
857,../liftingdata/squat/86.jpg,2
858,../liftingdata/squat/92.jpg,2
859,../liftingdata/squat/rotated91.jpg,2
860,../liftingdata/squat/rotated85.jpg,2
861,../liftingdata/squat/45.jpg,2
862,../liftingdata/squat/3.jpg,2
863,../liftingdata/squat/51.jpg,2
864,../liftingdata/squat/79.jpg,2
865,../liftingdata/squat/rotated52.jpg,2
866,../liftingdata/squat/rotated46.jpg,2
867,../liftingdata/squat/rotated50.jpg,2
868,../liftingdata/squat/rotated44.jpg,2
869,../liftingdata/squat/47.jpg,2
870,../liftingdata/squat/53.jpg,2
871,../liftingdata/squat/1.jpg,2
872,../liftingdata/squat/rotated78.jpg,2
873,../liftingdata/squat/rotated93.jpg,2
874,../liftingdata/squat/rotated87.jpg,2
875,../liftingdata/squat/84.jpg,2
876,../liftingdata/squat/90.jpg,2
877,../liftingdata/squat/flipped2.jpg,2
878,../liftingdata/squat/flipped49.jpg,2
879,../liftingdata/squat/flipped75.jpg,2
880,../liftingdata/squat/flipped61.jpg,2
881,../liftingdata/squat/flipped60.jpg,2
882,../liftingdata/squat/flipped74.jpg,2
883,../liftingdata/squat/flipped48.jpg,2
884,../liftingdata/squat/flipped3.jpg,2
885,../liftingdata/squat/91.jpg,2
886,../liftingdata/squat/85.jpg,2
887,../liftingdata/squat/rotated86.jpg,2
888,../liftingdata/squat/rotated92.jpg,2
889,../liftingdata/squat/52.jpg,2
890,../liftingdata/squat/rotated79.jpg,2
891,../liftingdata/squat/46.jpg,2
892,../liftingdata/squat/rotated45.jpg,2
893,../liftingdata/squat/rotated51.jpg,2
