0,bench0.jpg,0
1,bench1.jpg,0
2,bench10.jpg,0
3,bench100.jpg,0
4,bench101.jpg,0
5,bench102.jpg,0
6,bench103.jpg,0
7,bench104.jpg,0
8,bench105.jpg,0
9,bench106.jpg,0
10,bench107.jpg,0
11,bench108.jpg,0
12,bench109.jpg,0
13,bench11.jpg,0
14,bench110.jpg,0
15,bench111.jpg,0
16,bench112.jpg,0
17,bench113.jpg,0
18,bench114.jpg,0
19,bench115.jpg,0
20,bench116.jpg,0
21,bench117.jpg,0
22,bench118.jpg,0
23,bench119.jpg,0
24,bench12.jpg,0
25,bench120.jpg,0
26,bench121.jpg,0
27,bench122.jpg,0
28,bench123.jpg,0
29,bench124.jpg,0
30,bench125.jpg,0
31,bench126.jpg,0
32,bench127.jpg,0
33,bench128.jpg,0
34,bench129.jpg,0
35,bench13.jpg,0
36,bench130.jpg,0
37,bench131.jpg,0
38,bench132.jpg,0
39,bench133.jpg,0
40,bench134.jpg,0
41,bench135.jpg,0
42,bench136.jpg,0
43,bench137.jpg,0
44,bench138.jpg,0
45,bench139.jpg,0
46,bench14.jpg,0
47,bench140.jpg,0
48,bench141.jpg,0
49,bench142.jpg,0
50,bench143.jpg,0
51,bench144.jpg,0
52,bench145.jpg,0
53,bench146.jpg,0
54,bench147.jpg,0
55,bench148.jpg,0
56,bench149.jpg,0
57,bench15.jpg,0
58,bench150.jpg,0
59,bench151.jpg,0
60,bench152.jpg,0
61,bench153.jpg,0
62,bench154.jpg,0
63,bench155.jpg,0
64,bench156.jpg,0
65,bench157.jpg,0
66,bench158.jpg,0
67,bench159.jpg,0
68,bench16.jpg,0
69,bench160.jpg,0
70,bench161.jpg,0
71,bench162.jpg,0
72,bench163.jpg,0
73,bench164.jpg,0
74,bench165.jpg,0
75,bench166.jpg,0
76,bench167.jpg,0
77,bench168.jpg,0
78,bench169.jpg,0
79,bench17.jpg,0
80,bench170.jpg,0
81,bench171.jpg,0
82,bench172.jpg,0
83,bench173.jpg,0
84,bench174.jpg,0
85,bench175.jpg,0
86,bench176.jpg,0
87,bench177.jpg,0
88,bench178.jpg,0
89,bench179.jpg,0
90,bench18.jpg,0
91,bench180.jpg,0
92,bench181.jpg,0
93,bench182.jpg,0
94,bench183.jpg,0
95,bench184.jpg,0
96,bench185.jpg,0
97,bench186.jpg,0
98,bench187.jpg,0
99,bench188.jpg,0
100,bench189.jpg,0
101,bench19.jpg,0
102,bench190.jpg,0
103,bench191.jpg,0
104,bench192.jpg,0
105,bench193.jpg,0
106,bench194.jpg,0
107,bench195.jpg,0
108,bench196.jpg,0
109,bench197.jpg,0
110,bench198.jpg,0
111,bench199.jpg,0
112,bench2.jpg,0
113,bench20.jpg,0
114,bench200.jpg,0
115,bench201.jpg,0
116,bench202.jpg,0
117,bench203.jpg,0
118,bench204.jpg,0
119,bench205.jpg,0
120,bench206.jpg,0
121,bench207.jpg,0
122,bench208.jpg,0
123,bench209.jpg,0
124,bench21.jpg,0
125,bench210.jpg,0
126,bench211.jpg,0
127,bench212.jpg,0
128,bench213.jpg,0
129,bench214.jpg,0
130,bench215.jpg,0
131,bench216.jpg,0
132,bench217.jpg,0
133,bench218.jpg,0
134,bench219.jpg,0
135,bench22.jpg,0
136,bench220.jpg,0
137,bench221.jpg,0
138,bench222.jpg,0
139,bench223.jpg,0
140,bench224.jpg,0
141,bench225.jpg,0
142,bench226.jpg,0
143,bench227.jpg,0
144,bench228.jpg,0
145,bench229.jpg,0
146,bench23.jpg,0
147,bench230.jpg,0
148,bench231.jpg,0
149,bench232.jpg,0
150,bench233.jpg,0
151,bench234.jpg,0
152,bench235.jpg,0
153,bench236.jpg,0
154,bench237.jpg,0
155,bench238.jpg,0
156,bench239.jpg,0
157,bench24.jpg,0
158,bench240.jpg,0
159,bench241.jpg,0
160,bench242.jpg,0
161,bench243.jpg,0
162,bench244.jpg,0
163,bench245.jpg,0
164,bench246.jpg,0
165,bench247.jpg,0
166,bench248.jpg,0
167,bench249.jpg,0
168,bench25.jpg,0
169,bench250.jpg,0
170,bench251.jpg,0
171,bench252.jpg,0
172,bench253.jpg,0
173,bench254.jpg,0
174,bench255.jpg,0
175,bench256.jpg,0
176,bench257.jpg,0
177,bench258.jpg,0
178,bench259.jpg,0
179,bench26.jpg,0
180,bench260.jpg,0
181,bench261.jpg,0
182,bench262.jpg,0
183,bench263.jpg,0
184,bench264.jpg,0
185,bench265.jpg,0
186,bench266.jpg,0
187,bench267.jpg,0
188,bench268.jpg,0
189,bench269.jpg,0
190,bench27.jpg,0
191,bench270.jpg,0
192,bench271.jpg,0
193,bench272.jpg,0
194,bench273.jpg,0
195,bench274.jpg,0
196,bench275.jpg,0
197,bench276.jpg,0
198,bench277.jpg,0
199,bench278.jpg,0
200,bench279.jpg,0
201,bench28.jpg,0
202,bench280.jpg,0
203,bench281.jpg,0
204,bench282.jpg,0
205,bench283.jpg,0
206,bench284.jpg,0
207,bench285.jpg,0
208,bench286.jpg,0
209,bench287.jpg,0
210,bench288.jpg,0
211,bench289.jpg,0
212,bench29.jpg,0
213,bench290.jpg,0
214,bench291.jpg,0
215,bench292.jpg,0
216,bench293.jpg,0
217,bench294.jpg,0
218,bench295.jpg,0
219,bench296.jpg,0
220,bench297.jpg,0
221,bench298.jpg,0
222,bench3.jpg,0
223,bench30.jpg,0
224,bench31.jpg,0
225,bench32.jpg,0
226,bench33.jpg,0
227,bench34.jpg,0
228,bench35.jpg,0
229,bench36.jpg,0
230,bench37.jpg,0
231,bench38.jpg,0
232,bench39.jpg,0
233,bench4.jpg,0
234,bench40.jpg,0
235,bench41.jpg,0
236,bench42.jpg,0
237,bench43.jpg,0
238,bench44.jpg,0
239,bench45.jpg,0
240,bench46.jpg,0
241,bench47.jpg,0
242,bench48.jpg,0
243,bench49.jpg,0
244,bench5.jpg,0
245,bench50.jpg,0
246,bench51.jpg,0
247,bench52.jpg,0
248,bench53.jpg,0
249,bench54.jpg,0
250,bench55.jpg,0
251,bench56.jpg,0
252,bench57.jpg,0
253,bench58.jpg,0
254,bench59.jpg,0
255,bench6.jpg,0
256,bench60.jpg,0
257,bench61.jpg,0
258,bench62.jpg,0
259,bench63.jpg,0
260,bench64.jpg,0
261,bench65.jpg,0
262,bench66.jpg,0
263,bench67.jpg,0
264,bench68.jpg,0
265,bench69.jpg,0
266,bench7.jpg,0
267,bench70.jpg,0
268,bench71.jpg,0
269,bench72.jpg,0
270,bench73.jpg,0
271,bench74.jpg,0
272,bench75.jpg,0
273,bench76.jpg,0
274,bench77.jpg,0
275,bench78.jpg,0
276,bench79.jpg,0
277,bench8.jpg,0
278,bench80.jpg,0
279,bench81.jpg,0
280,bench82.jpg,0
281,bench83.jpg,0
282,bench84.jpg,0
283,bench85.jpg,0
284,bench86.jpg,0
285,bench87.jpg,0
286,bench88.jpg,0
287,bench89.jpg,0
288,bench9.jpg,0
289,bench90.jpg,0
290,bench91.jpg,0
291,bench92.jpg,0
292,bench93.jpg,0
293,bench94.jpg,0
294,bench95.jpg,0
295,bench96.jpg,0
296,bench97.jpg,0
297,bench98.jpg,0
298,bench99.jpg,0
299,deadlift0.jpg,1
300,deadlift1.jpg,1
301,deadlift10.jpg,1
302,deadlift100.jpg,1
303,deadlift101.jpg,1
304,deadlift102.jpg,1
305,deadlift103.jpg,1
306,deadlift104.jpg,1
307,deadlift105.jpg,1
308,deadlift106.jpg,1
309,deadlift107.jpg,1
310,deadlift108.jpg,1
311,deadlift109.jpg,1
312,deadlift11.jpg,1
313,deadlift110.jpg,1
314,deadlift111.jpg,1
315,deadlift112.jpg,1
316,deadlift113.jpg,1
317,deadlift114.jpg,1
318,deadlift115.jpg,1
319,deadlift116.jpg,1
320,deadlift117.jpg,1
321,deadlift118.jpg,1
322,deadlift119.jpg,1
323,deadlift12.jpg,1
324,deadlift120.jpg,1
325,deadlift121.jpg,1
326,deadlift122.jpg,1
327,deadlift123.jpg,1
328,deadlift124.jpg,1
329,deadlift125.jpg,1
330,deadlift126.jpg,1
331,deadlift127.jpg,1
332,deadlift128.jpg,1
333,deadlift129.jpg,1
334,deadlift13.jpg,1
335,deadlift130.jpg,1
336,deadlift131.jpg,1
337,deadlift132.jpg,1
338,deadlift133.jpg,1
339,deadlift134.jpg,1
340,deadlift135.jpg,1
341,deadlift136.jpg,1
342,deadlift137.jpg,1
343,deadlift138.jpg,1
344,deadlift139.jpg,1
345,deadlift14.jpg,1
346,deadlift140.jpg,1
347,deadlift141.jpg,1
348,deadlift142.jpg,1
349,deadlift143.jpg,1
350,deadlift144.jpg,1
351,deadlift145.jpg,1
352,deadlift146.jpg,1
353,deadlift147.jpg,1
354,deadlift148.jpg,1
355,deadlift149.jpg,1
356,deadlift15.jpg,1
357,deadlift150.jpg,1
358,deadlift151.jpg,1
359,deadlift152.jpg,1
360,deadlift153.jpg,1
361,deadlift154.jpg,1
362,deadlift155.jpg,1
363,deadlift156.jpg,1
364,deadlift157.jpg,1
365,deadlift158.jpg,1
366,deadlift159.jpg,1
367,deadlift16.jpg,1
368,deadlift160.jpg,1
369,deadlift161.jpg,1
370,deadlift162.jpg,1
371,deadlift163.jpg,1
372,deadlift164.jpg,1
373,deadlift165.jpg,1
374,deadlift166.jpg,1
375,deadlift167.jpg,1
376,deadlift168.jpg,1
377,deadlift169.jpg,1
378,deadlift17.jpg,1
379,deadlift170.jpg,1
380,deadlift171.jpg,1
381,deadlift172.jpg,1
382,deadlift173.jpg,1
383,deadlift174.jpg,1
384,deadlift175.jpg,1
385,deadlift176.jpg,1
386,deadlift177.jpg,1
387,deadlift178.jpg,1
388,deadlift179.jpg,1
389,deadlift18.jpg,1
390,deadlift180.jpg,1
391,deadlift181.jpg,1
392,deadlift182.jpg,1
393,deadlift183.jpg,1
394,deadlift184.jpg,1
395,deadlift185.jpg,1
396,deadlift186.jpg,1
397,deadlift187.jpg,1
398,deadlift188.jpg,1
399,deadlift189.jpg,1
400,deadlift19.jpg,1
401,deadlift190.jpg,1
402,deadlift191.jpg,1
403,deadlift192.jpg,1
404,deadlift193.jpg,1
405,deadlift194.jpg,1
406,deadlift195.jpg,1
407,deadlift196.jpg,1
408,deadlift197.jpg,1
409,deadlift198.jpg,1
410,deadlift199.jpg,1
411,deadlift2.jpg,1
412,deadlift20.jpg,1
413,deadlift200.jpg,1
414,deadlift201.jpg,1
415,deadlift202.jpg,1
416,deadlift203.jpg,1
417,deadlift204.jpg,1
418,deadlift205.jpg,1
419,deadlift206.jpg,1
420,deadlift207.jpg,1
421,deadlift208.jpg,1
422,deadlift209.jpg,1
423,deadlift21.jpg,1
424,deadlift210.jpg,1
425,deadlift211.jpg,1
426,deadlift212.jpg,1
427,deadlift213.jpg,1
428,deadlift214.jpg,1
429,deadlift215.jpg,1
430,deadlift216.jpg,1
431,deadlift217.jpg,1
432,deadlift218.jpg,1
433,deadlift219.jpg,1
434,deadlift22.jpg,1
435,deadlift220.jpg,1
436,deadlift221.jpg,1
437,deadlift222.jpg,1
438,deadlift223.jpg,1
439,deadlift224.jpg,1
440,deadlift225.jpg,1
441,deadlift226.jpg,1
442,deadlift227.jpg,1
443,deadlift228.jpg,1
444,deadlift229.jpg,1
445,deadlift23(1).jpg,1
446,deadlift23.jpg,1
447,deadlift230.jpg,1
448,deadlift231.jpg,1
449,deadlift232.jpg,1
450,deadlift233.jpg,1
451,deadlift234.jpg,1
452,deadlift235.jpg,1
453,deadlift236.jpg,1
454,deadlift237.jpg,1
455,deadlift238.jpg,1
456,deadlift239.jpg,1
457,deadlift24(1).jpg,1
458,deadlift24.jpg,1
459,deadlift240.jpg,1
460,deadlift241.jpg,1
461,deadlift242.jpg,1
462,deadlift243.jpg,1
463,deadlift244.jpg,1
464,deadlift245.jpg,1
465,deadlift246.jpg,1
466,deadlift247.jpg,1
467,deadlift248.jpg,1
468,deadlift249.jpg,1
469,deadlift25(1).jpg,1
470,deadlift25.jpg,1
471,deadlift250.jpg,1
472,deadlift251.jpg,1
473,deadlift252.jpg,1
474,deadlift253.jpg,1
475,deadlift254.jpg,1
476,deadlift255.jpg,1
477,deadlift256.jpg,1
478,deadlift257.jpg,1
479,deadlift258.jpg,1
480,deadlift259.jpg,1
481,deadlift26(1).jpg,1
482,deadlift26.jpg,1
483,deadlift260.jpg,1
484,deadlift261.jpg,1
485,deadlift262.jpg,1
486,deadlift263.jpg,1
487,deadlift264.jpg,1
488,deadlift265.jpg,1
489,deadlift266.jpg,1
490,deadlift267.jpg,1
491,deadlift268.jpg,1
492,deadlift269.jpg,1
493,deadlift27(1).jpg,1
494,deadlift27.jpg,1
495,deadlift270.jpg,1
496,deadlift271.jpg,1
497,deadlift272.jpg,1
498,deadlift273.jpg,1
499,deadlift274.jpg,1
500,deadlift275.jpg,1
501,deadlift276.jpg,1
502,deadlift277.jpg,1
503,deadlift278.jpg,1
504,deadlift279.jpg,1
505,deadlift28(1).jpg,1
506,deadlift28.jpg,1
507,deadlift280.jpg,1
508,deadlift281.jpg,1
509,deadlift282.jpg,1
510,deadlift283.jpg,1
511,deadlift284.jpg,1
512,deadlift285.jpg,1
513,deadlift286.jpg,1
514,deadlift287.jpg,1
515,deadlift288.jpg,1
516,deadlift289.jpg,1
517,deadlift29(1).jpg,1
518,deadlift29.jpg,1
519,deadlift290.jpg,1
520,deadlift291.jpg,1
521,deadlift292.jpg,1
522,deadlift293.jpg,1
523,deadlift294.jpg,1
524,deadlift295.jpg,1
525,deadlift296.jpg,1
526,deadlift297.jpg,1
527,deadlift298.jpg,1
528,deadlift299.jpg,1
529,deadlift3.jpg,1
530,deadlift30(1).jpg,1
531,deadlift30.jpg,1
532,deadlift300.jpg,1
533,deadlift301.jpg,1
534,deadlift302.jpg,1
535,deadlift303.jpg,1
536,deadlift304.jpg,1
537,deadlift305.jpg,1
538,deadlift306.jpg,1
539,deadlift307.jpg,1
540,deadlift308.jpg,1
541,deadlift309.jpg,1
542,deadlift31(1).jpg,1
543,deadlift31.jpg,1
544,deadlift310.jpg,1
545,deadlift311.jpg,1
546,deadlift312.jpg,1
547,deadlift313.jpg,1
548,deadlift314.jpg,1
549,deadlift315.jpg,1
550,deadlift316.jpg,1
551,deadlift317.jpg,1
552,deadlift318.jpg,1
553,deadlift319.jpg,1
554,deadlift32(1).jpg,1
555,deadlift32.jpg,1
556,deadlift320.jpg,1
557,deadlift321.jpg,1
558,deadlift322.jpg,1
559,deadlift323.jpg,1
560,deadlift324.jpg,1
561,deadlift325.jpg,1
562,deadlift326.jpg,1
563,deadlift327.jpg,1
564,deadlift328.jpg,1
565,deadlift329.jpg,1
566,deadlift33.jpg,1
567,deadlift330.jpg,1
568,deadlift331.jpg,1
569,deadlift332.jpg,1
570,deadlift333.jpg,1
571,deadlift334.jpg,1
572,deadlift335.jpg,1
573,deadlift336.jpg,1
574,deadlift337.jpg,1
575,deadlift338.jpg,1
576,deadlift339.jpg,1
577,deadlift34.jpg,1
578,deadlift340.jpg,1
579,deadlift341.jpg,1
580,deadlift342.jpg,1
581,deadlift343.jpg,1
582,deadlift344.jpg,1
583,deadlift345.jpg,1
584,deadlift346.jpg,1
585,deadlift347.jpg,1
586,deadlift348.jpg,1
587,deadlift349.jpg,1
588,deadlift35.jpg,1
589,deadlift350.jpg,1
590,deadlift351.jpg,1
591,deadlift352.jpg,1
592,deadlift353.jpg,1
593,deadlift354.jpg,1
594,deadlift355.jpg,1
595,deadlift356.jpg,1
596,deadlift357.jpg,1
597,deadlift358.jpg,1
598,deadlift359.jpg,1
599,deadlift36.jpg,1
600,deadlift360.jpg,1
601,deadlift361.jpg,1
602,deadlift362.jpg,1
603,deadlift363.jpg,1
604,deadlift364.jpg,1
605,deadlift365.jpg,1
606,deadlift366.jpg,1
607,deadlift367.jpg,1
608,deadlift368.jpg,1
609,deadlift369.jpg,1
610,deadlift37.jpg,1
611,deadlift370.jpg,1
612,deadlift371.jpg,1
613,deadlift372.jpg,1
614,deadlift373.jpg,1
615,deadlift374.jpg,1
616,deadlift375.jpg,1
617,deadlift376.jpg,1
618,deadlift377.jpg,1
619,deadlift378.jpg,1
620,deadlift379.jpg,1
621,deadlift38.jpg,1
622,deadlift380.jpg,1
623,deadlift381.jpg,1
624,deadlift382.jpg,1
625,deadlift383.jpg,1
626,deadlift384.jpg,1
627,deadlift385.jpg,1
628,deadlift386.jpg,1
629,deadlift387.jpg,1
630,deadlift388.jpg,1
631,deadlift389.jpg,1
632,deadlift39.jpg,1
633,deadlift390.jpg,1
634,deadlift391.jpg,1
635,deadlift392.jpg,1
636,deadlift393.jpg,1
637,deadlift394.jpg,1
638,deadlift395.jpg,1
639,deadlift396.jpg,1
640,deadlift397.jpg,1
641,deadlift398.jpg,1
642,deadlift399.jpg,1
643,deadlift4.jpg,1
644,deadlift40.jpg,1
645,deadlift400.jpg,1
646,deadlift401.jpg,1
647,deadlift402.jpg,1
648,deadlift403.jpg,1
649,deadlift404.jpg,1
650,deadlift405.jpg,1
651,deadlift406.jpg,1
652,deadlift407.jpg,1
653,deadlift408.jpg,1
654,deadlift409.jpg,1
655,deadlift41.jpg,1
656,deadlift410.jpg,1
657,deadlift411.jpg,1
658,deadlift412.jpg,1
659,deadlift413.jpg,1
660,deadlift414.jpg,1
661,deadlift415.jpg,1
662,deadlift416.jpg,1
663,deadlift417.jpg,1
664,deadlift418.jpg,1
665,deadlift419.jpg,1
666,deadlift42.jpg,1
667,deadlift420.jpg,1
668,deadlift421.jpg,1
669,deadlift422.jpg,1
670,deadlift423.jpg,1
671,deadlift424.jpg,1
672,deadlift425.jpg,1
673,deadlift426.jpg,1
674,deadlift427.jpg,1
675,deadlift428.jpg,1
676,deadlift43.jpg,1
677,deadlift44.jpg,1
678,deadlift45(1).jpg,1
679,deadlift45.jpg,1
680,deadlift46.jpg,1
681,deadlift47.jpg,1
682,deadlift48.jpg,1
683,deadlift49.jpg,1
684,deadlift5.jpg,1
685,deadlift50.jpg,1
686,deadlift51.jpg,1
687,deadlift52.jpg,1
688,deadlift53.jpg,1
689,deadlift54.jpg,1
690,deadlift55.jpg,1
691,deadlift56.jpg,1
692,deadlift57.jpg,1
693,deadlift58.jpg,1
694,deadlift59.jpg,1
695,deadlift6.jpg,1
696,deadlift60.jpg,1
697,deadlift61.jpg,1
698,deadlift62.jpg,1
699,deadlift63.jpg,1
700,deadlift64.jpg,1
701,deadlift65.jpg,1
702,deadlift66.jpg,1
703,deadlift67.jpg,1
704,deadlift68.jpg,1
705,deadlift69.jpg,1
706,deadlift7.jpg,1
707,deadlift70.jpg,1
708,deadlift71.jpg,1
709,deadlift72.jpg,1
710,deadlift73.jpg,1
711,deadlift74.jpg,1
712,deadlift75.jpg,1
713,deadlift76.jpg,1
714,deadlift77.jpg,1
715,deadlift78.jpg,1
716,deadlift79.jpg,1
717,deadlift8.jpg,1
718,deadlift80.jpg,1
719,deadlift81.jpg,1
720,deadlift82.jpg,1
721,deadlift83.jpg,1
722,deadlift84.jpg,1
723,deadlift85.jpg,1
724,deadlift86.jpg,1
725,deadlift87.jpg,1
726,deadlift88.jpg,1
727,deadlift89.jpg,1
728,deadlift9.jpg,1
729,deadlift90.jpg,1
730,deadlift91.jpg,1
731,deadlift92.jpg,1
732,deadlift93.jpg,1
733,deadlift94.jpg,1
734,deadlift95.jpg,1
735,deadlift96.jpg,1
736,deadlift97.jpg,1
737,deadlift98.jpg,1
738,deadlift99.jpg,1
740,squat0.jpg,2
741,squat1.jpg,2
742,squat10.jpg,2
743,squat100.jpg,2
744,squat101.jpg,2
745,squat102.jpg,2
746,squat103.jpg,2
747,squat104.jpg,2
748,squat105.jpg,2
749,squat106.jpg,2
750,squat107.jpg,2
751,squat108.jpg,2
752,squat109.jpg,2
753,squat11.jpg,2
754,squat110.jpg,2
755,squat111.jpg,2
756,squat112.jpg,2
757,squat113.jpg,2
758,squat114.jpg,2
759,squat115.jpg,2
760,squat116.jpg,2
761,squat117.jpg,2
762,squat118.jpg,2
763,squat119.jpg,2
764,squat12.jpg,2
765,squat120.jpg,2
766,squat121.jpg,2
767,squat122.jpg,2
768,squat123.jpg,2
769,squat124.jpg,2
770,squat125.jpg,2
771,squat126.jpg,2
772,squat127.jpg,2
773,squat128.jpg,2
774,squat129.jpg,2
775,squat13.jpg,2
776,squat130.jpg,2
777,squat131.jpg,2
778,squat132.jpg,2
779,squat133.jpg,2
780,squat134.jpg,2
781,squat135.jpg,2
782,squat136.jpg,2
783,squat137.jpg,2
784,squat138.jpg,2
785,squat139.jpg,2
786,squat14.jpg,2
787,squat140.jpg,2
788,squat141.jpg,2
789,squat142.jpg,2
790,squat143.jpg,2
791,squat144.jpg,2
792,squat145.jpg,2
793,squat146.jpg,2
794,squat147.jpg,2
795,squat148.jpg,2
796,squat149.jpg,2
797,squat15.jpg,2
798,squat150.jpg,2
799,squat151.jpg,2
800,squat152.jpg,2
801,squat153.jpg,2
802,squat154.jpg,2
803,squat155.jpg,2
804,squat156.jpg,2
805,squat157.jpg,2
806,squat158.jpg,2
807,squat159.jpg,2
808,squat16.jpg,2
809,squat160.jpg,2
810,squat161.jpg,2
811,squat162.jpg,2
812,squat163.jpg,2
813,squat164.jpg,2
814,squat165.jpg,2
815,squat166.jpg,2
816,squat167.jpg,2
817,squat168.jpg,2
818,squat169.jpg,2
819,squat17.jpg,2
820,squat170.jpg,2
821,squat171.jpg,2
822,squat172.jpg,2
823,squat173.jpg,2
824,squat174.jpg,2
825,squat175.jpg,2
826,squat176.jpg,2
827,squat177.jpg,2
828,squat178.jpg,2
829,squat179.jpg,2
830,squat18.jpg,2
831,squat180.jpg,2
832,squat181.jpg,2
833,squat182.jpg,2
834,squat183.jpg,2
835,squat184.jpg,2
836,squat185.jpg,2
837,squat186.jpg,2
838,squat187.jpg,2
839,squat188.jpg,2
840,squat189.jpg,2
841,squat19.jpg,2
842,squat190.jpg,2
843,squat191.jpg,2
844,squat192.jpg,2
845,squat193.jpg,2
846,squat194.jpg,2
847,squat195.jpg,2
848,squat196.jpg,2
849,squat197.jpg,2
850,squat198.jpg,2
851,squat199.jpg,2
852,squat2.jpg,2
853,squat20.jpg,2
854,squat200.jpg,2
855,squat201.jpg,2
856,squat202.jpg,2
857,squat203.jpg,2
858,squat204.jpg,2
859,squat205.jpg,2
860,squat206.jpg,2
861,squat207.jpg,2
862,squat208.jpg,2
863,squat209.jpg,2
864,squat21.jpg,2
865,squat210.jpg,2
866,squat211.jpg,2
867,squat212.jpg,2
868,squat213.jpg,2
869,squat214.jpg,2
870,squat215.jpg,2
871,squat216.jpg,2
872,squat217.jpg,2
873,squat218.jpg,2
874,squat219.jpg,2
875,squat22.jpg,2
876,squat220.jpg,2
877,squat221.jpg,2
878,squat222.jpg,2
879,squat223.jpg,2
880,squat224.jpg,2
881,squat225.jpg,2
882,squat226.jpg,2
883,squat227.jpg,2
884,squat228.jpg,2
885,squat229.jpg,2
886,squat23.jpg,2
887,squat230.jpg,2
888,squat231.jpg,2
889,squat232.jpg,2
890,squat233.jpg,2
891,squat234.jpg,2
892,squat235.jpg,2
893,squat236.jpg,2
894,squat237.jpg,2
895,squat238.jpg,2
896,squat239.jpg,2
897,squat24.jpg,2
898,squat240.jpg,2
899,squat241.jpg,2
900,squat242.jpg,2
901,squat243.jpg,2
902,squat244.jpg,2
903,squat245.jpg,2
904,squat246.jpg,2
905,squat247.jpg,2
906,squat248.jpg,2
907,squat249.jpg,2
908,squat25.jpg,2
909,squat250.jpg,2
910,squat251.jpg,2
911,squat252.jpg,2
912,squat253.jpg,2
913,squat254.jpg,2
914,squat255.jpg,2
915,squat256.jpg,2
916,squat257.jpg,2
917,squat258.jpg,2
918,squat259.jpg,2
919,squat26.jpg,2
920,squat260.jpg,2
921,squat261.jpg,2
922,squat262.jpg,2
923,squat263.jpg,2
924,squat264.jpg,2
925,squat265.jpg,2
926,squat266.jpg,2
927,squat267.jpg,2
928,squat268.jpg,2
929,squat269.jpg,2
930,squat27.jpg,2
931,squat270.jpg,2
932,squat271.jpg,2
933,squat272.jpg,2
934,squat273.jpg,2
935,squat274.jpg,2
936,squat275.jpg,2
937,squat276.jpg,2
938,squat277.jpg,2
939,squat278.jpg,2
940,squat279.jpg,2
941,squat28.jpg,2
942,squat280.jpg,2
943,squat281.jpg,2
944,squat282.jpg,2
945,squat283.jpg,2
946,squat284.jpg,2
947,squat285.jpg,2
948,squat286.jpg,2
949,squat287.jpg,2
950,squat288.jpg,2
951,squat289.jpg,2
952,squat29.jpg,2
953,squat290.jpg,2
954,squat291.jpg,2
955,squat292.jpg,2
956,squat293.jpg,2
957,squat294.jpg,2
958,squat295.jpg,2
959,squat296.jpg,2
960,squat297.jpg,2
961,squat298.jpg,2
962,squat299.jpg,2
963,squat3.jpg,2
964,squat30.jpg,2
965,squat300.jpg,2
966,squat301.jpg,2
967,squat302.jpg,2
968,squat31.jpg,2
969,squat32.jpg,2
970,squat33.jpg,2
971,squat34.jpg,2
972,squat35.jpg,2
973,squat36.jpg,2
974,squat37.jpg,2
975,squat38.jpg,2
976,squat39.jpg,2
977,squat4.jpg,2
978,squat40.jpg,2
979,squat41.jpg,2
980,squat42.jpg,2
981,squat43.jpg,2
982,squat44.jpg,2
983,squat45.jpg,2
984,squat46.jpg,2
985,squat47.jpg,2
986,squat48.jpg,2
987,squat49.jpg,2
988,squat5.jpg,2
989,squat50.jpg,2
990,squat51.jpg,2
991,squat52.jpg,2
992,squat53.jpg,2
993,squat54.jpg,2
994,squat55.jpg,2
995,squat56.jpg,2
996,squat57.jpg,2
997,squat58.jpg,2
998,squat59.jpg,2
999,squat6.jpg,2
1000,squat60.jpg,2
1001,squat61.jpg,2
1002,squat62.jpg,2
1003,squat63.jpg,2
1004,squat64.jpg,2
1005,squat65.jpg,2
1006,squat66.jpg,2
1007,squat67.jpg,2
1008,squat68.jpg,2
1009,squat69.jpg,2
1010,squat7.jpg,2
1011,squat70.jpg,2
1012,squat71.jpg,2
1013,squat72.jpg,2
1014,squat73.jpg,2
1015,squat74.jpg,2
1016,squat75.jpg,2
1017,squat76.jpg,2
1018,squat77.jpg,2
1019,squat78.jpg,2
1020,squat79.jpg,2
1021,squat8.jpg,2
1022,squat80.jpg,2
1023,squat81.jpg,2
1024,squat82.jpg,2
1025,squat83.jpg,2
1026,squat84.jpg,2
1027,squat85.jpg,2
1028,squat86.jpg,2
1029,squat87.jpg,2
1030,squat88.jpg,2
1031,squat89.jpg,2
1032,squat9.jpg,2
1033,squat90.jpg,2
1034,squat91.jpg,2
1035,squat92.jpg,2
1036,squat93.jpg,2
1037,squat94.jpg,2
1038,squat95.jpg,2
1039,squat96.jpg,2
1040,squat97.jpg,2
1041,squat98.jpg,2
1042,squat99.jpg,2
