bench/bench0.jpg,0
bench/bench1.jpg,0
bench/bench10.jpg,0
bench/bench100.jpg,0
bench/bench101.jpg,0
bench/bench102.jpg,0
bench/bench103.jpg,0
bench/bench104.jpg,0
bench/bench105.jpg,0
bench/bench106.jpg,0
bench/bench107.jpg,0
bench/bench108.jpg,0
bench/bench109.jpg,0
bench/bench11.jpg,0
bench/bench110.jpg,0
bench/bench111.jpg,0
bench/bench112.jpg,0
bench/bench113.jpg,0
bench/bench114.jpg,0
bench/bench115.jpg,0
bench/bench116.jpg,0
bench/bench117.jpg,0
bench/bench118.jpg,0
bench/bench119.jpg,0
bench/bench12.jpg,0
bench/bench120.jpg,0
bench/bench121.jpg,0
bench/bench122.jpg,0
bench/bench123.jpg,0
bench/bench124.jpg,0
bench/bench125.jpg,0
bench/bench126.jpg,0
bench/bench127.jpg,0
bench/bench128.jpg,0
bench/bench129.jpg,0
bench/bench13.jpg,0
bench/bench130.jpg,0
bench/bench131.jpg,0
bench/bench132.jpg,0
bench/bench133.jpg,0
bench/bench134.jpg,0
bench/bench135.jpg,0
bench/bench136.jpg,0
bench/bench137.jpg,0
bench/bench138.jpg,0
bench/bench139.jpg,0
bench/bench14.jpg,0
bench/bench140.jpg,0
bench/bench141.jpg,0
bench/bench142.jpg,0
bench/bench143.jpg,0
bench/bench144.jpg,0
bench/bench145.jpg,0
bench/bench146.jpg,0
bench/bench147.jpg,0
bench/bench148.jpg,0
bench/bench149.jpg,0
bench/bench15.jpg,0
bench/bench150.jpg,0
bench/bench151.jpg,0
bench/bench152.jpg,0
bench/bench153.jpg,0
bench/bench154.jpg,0
bench/bench155.jpg,0
bench/bench156.jpg,0
bench/bench157.jpg,0
bench/bench158.jpg,0
bench/bench159.jpg,0
bench/bench16.jpg,0
bench/bench160.jpg,0
bench/bench161.jpg,0
bench/bench162.jpg,0
bench/bench163.jpg,0
bench/bench164.jpg,0
bench/bench165.jpg,0
bench/bench166.jpg,0
bench/bench167.jpg,0
bench/bench168.jpg,0
bench/bench169.jpg,0
bench/bench17.jpg,0
bench/bench170.jpg,0
bench/bench171.jpg,0
bench/bench172.jpg,0
bench/bench173.jpg,0
bench/bench174.jpg,0
bench/bench175.jpg,0
bench/bench176.jpg,0
bench/bench177.jpg,0
bench/bench178.jpg,0
bench/bench179.jpg,0
bench/bench18.jpg,0
bench/bench180.jpg,0
bench/bench181.jpg,0
bench/bench182.jpg,0
bench/bench183.jpg,0
bench/bench184.jpg,0
bench/bench185.jpg,0
bench/bench186.jpg,0
bench/bench187.jpg,0
bench/bench188.jpg,0
bench/bench189.jpg,0
bench/bench19.jpg,0
bench/bench190.jpg,0
bench/bench191.jpg,0
bench/bench192.jpg,0
bench/bench193.jpg,0
bench/bench194.jpg,0
bench/bench195.jpg,0
bench/bench196.jpg,0
bench/bench197.jpg,0
bench/bench198.jpg,0
bench/bench199.jpg,0
bench/bench2.jpg,0
bench/bench20.jpg,0
bench/bench200.jpg,0
bench/bench201.jpg,0
bench/bench202.jpg,0
bench/bench203.jpg,0
bench/bench204.jpg,0
bench/bench205.jpg,0
bench/bench206.jpg,0
bench/bench207.jpg,0
bench/bench208.jpg,0
bench/bench209.jpg,0
bench/bench21.jpg,0
bench/bench210.jpg,0
bench/bench211.jpg,0
bench/bench212.jpg,0
bench/bench213.jpg,0
bench/bench214.jpg,0
bench/bench215.jpg,0
bench/bench216.jpg,0
bench/bench217.jpg,0
bench/bench218.jpg,0
bench/bench219.jpg,0
bench/bench22.jpg,0
bench/bench220.jpg,0
bench/bench221.jpg,0
bench/bench222.jpg,0
bench/bench223.jpg,0
bench/bench224.jpg,0
bench/bench225.jpg,0
bench/bench226.jpg,0
bench/bench227.jpg,0
bench/bench228.jpg,0
bench/bench229.jpg,0
bench/bench23.jpg,0
bench/bench230.jpg,0
bench/bench231.jpg,0
bench/bench232.jpg,0
bench/bench233.jpg,0
bench/bench234.jpg,0
bench/bench235.jpg,0
bench/bench236.jpg,0
bench/bench237.jpg,0
bench/bench238.jpg,0
bench/bench239.jpg,0
bench/bench24.jpg,0
bench/bench240.jpg,0
bench/bench241.jpg,0
bench/bench242.jpg,0
bench/bench243.jpg,0
bench/bench244.jpg,0
bench/bench245.jpg,0
bench/bench246.jpg,0
bench/bench247.jpg,0
bench/bench248.jpg,0
bench/bench249.jpg,0
bench/bench25.jpg,0
bench/bench250.jpg,0
bench/bench251.jpg,0
bench/bench252.jpg,0
bench/bench253.jpg,0
bench/bench254.jpg,0
bench/bench255.jpg,0
bench/bench256.jpg,0
bench/bench257.jpg,0
bench/bench258.jpg,0
bench/bench259.jpg,0
bench/bench26.jpg,0
bench/bench260.jpg,0
bench/bench261.jpg,0
bench/bench262.jpg,0
bench/bench263.jpg,0
bench/bench264.jpg,0
bench/bench265.jpg,0
bench/bench266.jpg,0
bench/bench267.jpg,0
bench/bench268.jpg,0
bench/bench269.jpg,0
bench/bench27.jpg,0
bench/bench270.jpg,0
bench/bench271.jpg,0
bench/bench272.jpg,0
bench/bench273.jpg,0
bench/bench274.jpg,0
bench/bench275.jpg,0
bench/bench276.jpg,0
bench/bench277.jpg,0
bench/bench278.jpg,0
bench/bench279.jpg,0
bench/bench28.jpg,0
bench/bench280.jpg,0
bench/bench281.jpg,0
bench/bench282.jpg,0
bench/bench283.jpg,0
bench/bench284.jpg,0
bench/bench285.jpg,0
bench/bench286.jpg,0
bench/bench287.jpg,0
bench/bench288.jpg,0
bench/bench289.jpg,0
bench/bench29.jpg,0
bench/bench290.jpg,0
bench/bench291.jpg,0
bench/bench292.jpg,0
bench/bench293.jpg,0
bench/bench294.jpg,0
bench/bench295.jpg,0
bench/bench296.jpg,0
bench/bench297.jpg,0
bench/bench298.jpg,0
bench/bench3.jpg,0
bench/bench30.jpg,0
bench/bench31.jpg,0
bench/bench32.jpg,0
bench/bench33.jpg,0
bench/bench34.jpg,0
bench/bench35.jpg,0
bench/bench36.jpg,0
bench/bench37.jpg,0
bench/bench38.jpg,0
bench/bench39.jpg,0
bench/bench4.jpg,0
bench/bench40.jpg,0
bench/bench41.jpg,0
bench/bench42.jpg,0
bench/bench43.jpg,0
bench/bench44.jpg,0
bench/bench45.jpg,0
bench/bench46.jpg,0
bench/bench47.jpg,0
bench/bench48.jpg,0
bench/bench49.jpg,0
bench/bench5.jpg,0
bench/bench50.jpg,0
bench/bench51.jpg,0
bench/bench52.jpg,0
bench/bench53.jpg,0
bench/bench54.jpg,0
bench/bench55.jpg,0
bench/bench56.jpg,0
bench/bench57.jpg,0
bench/bench58.jpg,0
bench/bench59.jpg,0
bench/bench6.jpg,0
bench/bench60.jpg,0
bench/bench61.jpg,0
bench/bench62.jpg,0
bench/bench63.jpg,0
bench/bench64.jpg,0
bench/bench65.jpg,0
bench/bench66.jpg,0
bench/bench67.jpg,0
bench/bench68.jpg,0
bench/bench69.jpg,0
bench/bench7.jpg,0
bench/bench70.jpg,0
bench/bench71.jpg,0
bench/bench72.jpg,0
bench/bench73.jpg,0
bench/bench74.jpg,0
bench/bench75.jpg,0
bench/bench76.jpg,0
bench/bench77.jpg,0
bench/bench78.jpg,0
bench/bench79.jpg,0
bench/bench8.jpg,0
bench/bench80.jpg,0
bench/bench81.jpg,0
bench/bench82.jpg,0
bench/bench83.jpg,0
bench/bench84.jpg,0
bench/bench85.jpg,0
bench/bench86.jpg,0
bench/bench87.jpg,0
bench/bench88.jpg,0
bench/bench89.jpg,0
bench/bench9.jpg,0
bench/bench90.jpg,0
bench/bench91.jpg,0
bench/bench92.jpg,0
bench/bench93.jpg,0
bench/bench94.jpg,0
bench/bench95.jpg,0
bench/bench96.jpg,0
bench/bench97.jpg,0
bench/bench98.jpg,0
bench/bench99.jpg,0
deadlift/deadlift0.jpg,1
deadlift/deadlift1.jpg,1
deadlift/deadlift10.jpg,1
deadlift/deadlift100.jpg,1
deadlift/deadlift101.jpg,1
deadlift/deadlift102.jpg,1
deadlift/deadlift103.jpg,1
deadlift/deadlift104.jpg,1
deadlift/deadlift105.jpg,1
deadlift/deadlift106.jpg,1
deadlift/deadlift107.jpg,1
deadlift/deadlift108.jpg,1
deadlift/deadlift109.jpg,1
deadlift/deadlift11.jpg,1
deadlift/deadlift110.jpg,1
deadlift/deadlift111.jpg,1
deadlift/deadlift112.jpg,1
deadlift/deadlift113.jpg,1
deadlift/deadlift114.jpg,1
deadlift/deadlift115.jpg,1
deadlift/deadlift116.jpg,1
deadlift/deadlift117.jpg,1
deadlift/deadlift118.jpg,1
deadlift/deadlift119.jpg,1
deadlift/deadlift12.jpg,1
deadlift/deadlift120.jpg,1
deadlift/deadlift121.jpg,1
deadlift/deadlift122.jpg,1
deadlift/deadlift123.jpg,1
deadlift/deadlift124.jpg,1
deadlift/deadlift125.jpg,1
deadlift/deadlift126.jpg,1
deadlift/deadlift127.jpg,1
deadlift/deadlift128.jpg,1
deadlift/deadlift129.jpg,1
deadlift/deadlift13.jpg,1
deadlift/deadlift130.jpg,1
deadlift/deadlift131.jpg,1
deadlift/deadlift132.jpg,1
deadlift/deadlift133.jpg,1
deadlift/deadlift134.jpg,1
deadlift/deadlift135.jpg,1
deadlift/deadlift136.jpg,1
deadlift/deadlift137.jpg,1
deadlift/deadlift138.jpg,1
deadlift/deadlift139.jpg,1
deadlift/deadlift14.jpg,1
deadlift/deadlift140.jpg,1
deadlift/deadlift141.jpg,1
deadlift/deadlift142.jpg,1
deadlift/deadlift143.jpg,1
deadlift/deadlift144.jpg,1
deadlift/deadlift145.jpg,1
deadlift/deadlift146.jpg,1
deadlift/deadlift147.jpg,1
deadlift/deadlift148.jpg,1
deadlift/deadlift149.jpg,1
deadlift/deadlift15.jpg,1
deadlift/deadlift150.jpg,1
deadlift/deadlift151.jpg,1
deadlift/deadlift152.jpg,1
deadlift/deadlift153.jpg,1
deadlift/deadlift154.jpg,1
deadlift/deadlift155.jpg,1
deadlift/deadlift156.jpg,1
deadlift/deadlift157.jpg,1
deadlift/deadlift158.jpg,1
deadlift/deadlift159.jpg,1
deadlift/deadlift16.jpg,1
deadlift/deadlift160.jpg,1
deadlift/deadlift161.jpg,1
deadlift/deadlift162.jpg,1
deadlift/deadlift163.jpg,1
deadlift/deadlift164.jpg,1
deadlift/deadlift165.jpg,1
deadlift/deadlift166.jpg,1
deadlift/deadlift167.jpg,1
deadlift/deadlift168.jpg,1
deadlift/deadlift169.jpg,1
deadlift/deadlift17.jpg,1
deadlift/deadlift170.jpg,1
deadlift/deadlift171.jpg,1
deadlift/deadlift172.jpg,1
deadlift/deadlift173.jpg,1
deadlift/deadlift174.jpg,1
deadlift/deadlift175.jpg,1
deadlift/deadlift176.jpg,1
deadlift/deadlift177.jpg,1
deadlift/deadlift178.jpg,1
deadlift/deadlift179.jpg,1
deadlift/deadlift18.jpg,1
deadlift/deadlift180.jpg,1
deadlift/deadlift181.jpg,1
deadlift/deadlift182.jpg,1
deadlift/deadlift183.jpg,1
deadlift/deadlift184.jpg,1
deadlift/deadlift185.jpg,1
deadlift/deadlift186.jpg,1
deadlift/deadlift187.jpg,1
deadlift/deadlift188.jpg,1
deadlift/deadlift189.jpg,1
deadlift/deadlift19.jpg,1
deadlift/deadlift190.jpg,1
deadlift/deadlift191.jpg,1
deadlift/deadlift192.jpg,1
deadlift/deadlift193.jpg,1
deadlift/deadlift194.jpg,1
deadlift/deadlift195.jpg,1
deadlift/deadlift196.jpg,1
deadlift/deadlift197.jpg,1
deadlift/deadlift198.jpg,1
deadlift/deadlift199.jpg,1
deadlift/deadlift2.jpg,1
deadlift/deadlift20.jpg,1
deadlift/deadlift200.jpg,1
deadlift/deadlift201.jpg,1
deadlift/deadlift202.jpg,1
deadlift/deadlift203.jpg,1
deadlift/deadlift204.jpg,1
deadlift/deadlift205.jpg,1
deadlift/deadlift206.jpg,1
deadlift/deadlift207.jpg,1
deadlift/deadlift208.jpg,1
deadlift/deadlift209.jpg,1
deadlift/deadlift21.jpg,1
deadlift/deadlift210.jpg,1
deadlift/deadlift211.jpg,1
deadlift/deadlift212.jpg,1
deadlift/deadlift213.jpg,1
deadlift/deadlift214.jpg,1
deadlift/deadlift215.jpg,1
deadlift/deadlift216.jpg,1
deadlift/deadlift217.jpg,1
deadlift/deadlift218.jpg,1
deadlift/deadlift219.jpg,1
deadlift/deadlift22.jpg,1
deadlift/deadlift220.jpg,1
deadlift/deadlift221.jpg,1
deadlift/deadlift222.jpg,1
deadlift/deadlift223.jpg,1
deadlift/deadlift224.jpg,1
deadlift/deadlift225.jpg,1
deadlift/deadlift226.jpg,1
deadlift/deadlift227.jpg,1
deadlift/deadlift228.jpg,1
deadlift/deadlift229.jpg,1
deadlift/deadlift23(1).jpg,1
deadlift/deadlift23.jpg,1
deadlift/deadlift230.jpg,1
deadlift/deadlift231.jpg,1
deadlift/deadlift232.jpg,1
deadlift/deadlift233.jpg,1
deadlift/deadlift234.jpg,1
deadlift/deadlift235.jpg,1
deadlift/deadlift236.jpg,1
deadlift/deadlift237.jpg,1
deadlift/deadlift238.jpg,1
deadlift/deadlift239.jpg,1
deadlift/deadlift24(1).jpg,1
deadlift/deadlift24.jpg,1
deadlift/deadlift240.jpg,1
deadlift/deadlift241.jpg,1
deadlift/deadlift242.jpg,1
deadlift/deadlift243.jpg,1
deadlift/deadlift244.jpg,1
deadlift/deadlift245.jpg,1
deadlift/deadlift246.jpg,1
deadlift/deadlift247.jpg,1
deadlift/deadlift248.jpg,1
deadlift/deadlift249.jpg,1
deadlift/deadlift25(1).jpg,1
deadlift/deadlift25.jpg,1
deadlift/deadlift250.jpg,1
deadlift/deadlift251.jpg,1
deadlift/deadlift252.jpg,1
deadlift/deadlift253.jpg,1
deadlift/deadlift254.jpg,1
deadlift/deadlift255.jpg,1
deadlift/deadlift256.jpg,1
deadlift/deadlift257.jpg,1
deadlift/deadlift258.jpg,1
deadlift/deadlift259.jpg,1
deadlift/deadlift26(1).jpg,1
deadlift/deadlift26.jpg,1
deadlift/deadlift260.jpg,1
deadlift/deadlift261.jpg,1
deadlift/deadlift262.jpg,1
deadlift/deadlift263.jpg,1
deadlift/deadlift264.jpg,1
deadlift/deadlift265.jpg,1
deadlift/deadlift266.jpg,1
deadlift/deadlift267.jpg,1
deadlift/deadlift268.jpg,1
deadlift/deadlift269.jpg,1
deadlift/deadlift27(1).jpg,1
deadlift/deadlift27.jpg,1
deadlift/deadlift270.jpg,1
deadlift/deadlift271.jpg,1
deadlift/deadlift272.jpg,1
deadlift/deadlift273.jpg,1
deadlift/deadlift274.jpg,1
deadlift/deadlift275.jpg,1
deadlift/deadlift276.jpg,1
deadlift/deadlift277.jpg,1
deadlift/deadlift278.jpg,1
deadlift/deadlift279.jpg,1
deadlift/deadlift28(1).jpg,1
deadlift/deadlift28.jpg,1
deadlift/deadlift280.jpg,1
deadlift/deadlift281.jpg,1
deadlift/deadlift282.jpg,1
deadlift/deadlift283.jpg,1
deadlift/deadlift284.jpg,1
deadlift/deadlift285.jpg,1
deadlift/deadlift286.jpg,1
deadlift/deadlift287.jpg,1
deadlift/deadlift288.jpg,1
deadlift/deadlift289.jpg,1
deadlift/deadlift29(1).jpg,1
deadlift/deadlift29.jpg,1
deadlift/deadlift290.jpg,1
deadlift/deadlift291.jpg,1
deadlift/deadlift292.jpg,1
deadlift/deadlift293.jpg,1
deadlift/deadlift294.jpg,1
deadlift/deadlift295.jpg,1
deadlift/deadlift296.jpg,1
deadlift/deadlift297.jpg,1
deadlift/deadlift298.jpg,1
deadlift/deadlift299.jpg,1
deadlift/deadlift3.jpg,1
deadlift/deadlift30(1).jpg,1
deadlift/deadlift30.jpg,1
deadlift/deadlift300.jpg,1
deadlift/deadlift301.jpg,1
deadlift/deadlift302.jpg,1
deadlift/deadlift303.jpg,1
deadlift/deadlift304.jpg,1
deadlift/deadlift305.jpg,1
deadlift/deadlift306.jpg,1
deadlift/deadlift307.jpg,1
deadlift/deadlift308.jpg,1
deadlift/deadlift309.jpg,1
deadlift/deadlift31(1).jpg,1
deadlift/deadlift31.jpg,1
deadlift/deadlift310.jpg,1
deadlift/deadlift311.jpg,1
deadlift/deadlift312.jpg,1
deadlift/deadlift313.jpg,1
deadlift/deadlift314.jpg,1
deadlift/deadlift315.jpg,1
deadlift/deadlift316.jpg,1
deadlift/deadlift317.jpg,1
deadlift/deadlift318.jpg,1
deadlift/deadlift319.jpg,1
deadlift/deadlift32(1).jpg,1
deadlift/deadlift32.jpg,1
deadlift/deadlift320.jpg,1
deadlift/deadlift321.jpg,1
deadlift/deadlift322.jpg,1
deadlift/deadlift323.jpg,1
deadlift/deadlift324.jpg,1
deadlift/deadlift325.jpg,1
deadlift/deadlift326.jpg,1
deadlift/deadlift327.jpg,1
deadlift/deadlift328.jpg,1
deadlift/deadlift329.jpg,1
deadlift/deadlift33.jpg,1
deadlift/deadlift330.jpg,1
deadlift/deadlift331.jpg,1
deadlift/deadlift332.jpg,1
deadlift/deadlift333.jpg,1
deadlift/deadlift334.jpg,1
deadlift/deadlift335.jpg,1
deadlift/deadlift336.jpg,1
deadlift/deadlift337.jpg,1
deadlift/deadlift338.jpg,1
deadlift/deadlift339.jpg,1
deadlift/deadlift34.jpg,1
deadlift/deadlift340.jpg,1
deadlift/deadlift341.jpg,1
deadlift/deadlift342.jpg,1
deadlift/deadlift343.jpg,1
deadlift/deadlift344.jpg,1
deadlift/deadlift345.jpg,1
deadlift/deadlift346.jpg,1
deadlift/deadlift347.jpg,1
deadlift/deadlift348.jpg,1
deadlift/deadlift349.jpg,1
deadlift/deadlift35.jpg,1
deadlift/deadlift350.jpg,1
deadlift/deadlift351.jpg,1
deadlift/deadlift352.jpg,1
deadlift/deadlift353.jpg,1
deadlift/deadlift354.jpg,1
deadlift/deadlift355.jpg,1
deadlift/deadlift356.jpg,1
deadlift/deadlift357.jpg,1
deadlift/deadlift358.jpg,1
deadlift/deadlift359.jpg,1
deadlift/deadlift36.jpg,1
deadlift/deadlift360.jpg,1
deadlift/deadlift361.jpg,1
deadlift/deadlift362.jpg,1
deadlift/deadlift363.jpg,1
deadlift/deadlift364.jpg,1
deadlift/deadlift365.jpg,1
deadlift/deadlift366.jpg,1
deadlift/deadlift367.jpg,1
deadlift/deadlift368.jpg,1
deadlift/deadlift369.jpg,1
deadlift/deadlift37.jpg,1
deadlift/deadlift370.jpg,1
deadlift/deadlift371.jpg,1
deadlift/deadlift372.jpg,1
deadlift/deadlift373.jpg,1
deadlift/deadlift374.jpg,1
deadlift/deadlift375.jpg,1
deadlift/deadlift376.jpg,1
deadlift/deadlift377.jpg,1
deadlift/deadlift378.jpg,1
deadlift/deadlift379.jpg,1
deadlift/deadlift38.jpg,1
deadlift/deadlift380.jpg,1
deadlift/deadlift381.jpg,1
deadlift/deadlift382.jpg,1
deadlift/deadlift383.jpg,1
deadlift/deadlift384.jpg,1
deadlift/deadlift385.jpg,1
deadlift/deadlift386.jpg,1
deadlift/deadlift387.jpg,1
deadlift/deadlift388.jpg,1
deadlift/deadlift389.jpg,1
deadlift/deadlift39.jpg,1
deadlift/deadlift390.jpg,1
deadlift/deadlift391.jpg,1
deadlift/deadlift392.jpg,1
deadlift/deadlift393.jpg,1
deadlift/deadlift394.jpg,1
deadlift/deadlift395.jpg,1
deadlift/deadlift396.jpg,1
deadlift/deadlift397.jpg,1
deadlift/deadlift398.jpg,1
deadlift/deadlift399.jpg,1
deadlift/deadlift4.jpg,1
deadlift/deadlift40.jpg,1
deadlift/deadlift400.jpg,1
deadlift/deadlift401.jpg,1
deadlift/deadlift402.jpg,1
deadlift/deadlift403.jpg,1
deadlift/deadlift404.jpg,1
deadlift/deadlift405.jpg,1
deadlift/deadlift406.jpg,1
deadlift/deadlift407.jpg,1
deadlift/deadlift408.jpg,1
deadlift/deadlift409.jpg,1
deadlift/deadlift41.jpg,1
deadlift/deadlift410.jpg,1
deadlift/deadlift411.jpg,1
deadlift/deadlift412.jpg,1
deadlift/deadlift413.jpg,1
deadlift/deadlift414.jpg,1
deadlift/deadlift415.jpg,1
deadlift/deadlift416.jpg,1
deadlift/deadlift417.jpg,1
deadlift/deadlift418.jpg,1
deadlift/deadlift419.jpg,1
deadlift/deadlift42.jpg,1
deadlift/deadlift420.jpg,1
deadlift/deadlift421.jpg,1
deadlift/deadlift422.jpg,1
deadlift/deadlift423.jpg,1
deadlift/deadlift424.jpg,1
deadlift/deadlift425.jpg,1
deadlift/deadlift426.jpg,1
deadlift/deadlift427.jpg,1
deadlift/deadlift428.jpg,1
deadlift/deadlift43.jpg,1
deadlift/deadlift44.jpg,1
deadlift/deadlift45(1).jpg,1
deadlift/deadlift45.jpg,1
deadlift/deadlift46.jpg,1
deadlift/deadlift47.jpg,1
deadlift/deadlift48.jpg,1
deadlift/deadlift49.jpg,1
deadlift/deadlift5.jpg,1
deadlift/deadlift50.jpg,1
deadlift/deadlift51.jpg,1
deadlift/deadlift52.jpg,1
deadlift/deadlift53.jpg,1
deadlift/deadlift54.jpg,1
deadlift/deadlift55.jpg,1
deadlift/deadlift56.jpg,1
deadlift/deadlift57.jpg,1
deadlift/deadlift58.jpg,1
deadlift/deadlift59.jpg,1
deadlift/deadlift6.jpg,1
deadlift/deadlift60.jpg,1
deadlift/deadlift61.jpg,1
deadlift/deadlift62.jpg,1
deadlift/deadlift63.jpg,1
deadlift/deadlift64.jpg,1
deadlift/deadlift65.jpg,1
deadlift/deadlift66.jpg,1
deadlift/deadlift67.jpg,1
deadlift/deadlift68.jpg,1
deadlift/deadlift69.jpg,1
deadlift/deadlift7.jpg,1
deadlift/deadlift70.jpg,1
deadlift/deadlift71.jpg,1
deadlift/deadlift72.jpg,1
deadlift/deadlift73.jpg,1
deadlift/deadlift74.jpg,1
deadlift/deadlift75.jpg,1
deadlift/deadlift76.jpg,1
deadlift/deadlift77.jpg,1
deadlift/deadlift78.jpg,1
deadlift/deadlift79.jpg,1
deadlift/deadlift8.jpg,1
deadlift/deadlift80.jpg,1
deadlift/deadlift81.jpg,1
deadlift/deadlift82.jpg,1
deadlift/deadlift83.jpg,1
deadlift/deadlift84.jpg,1
deadlift/deadlift85.jpg,1
deadlift/deadlift86.jpg,1
deadlift/deadlift87.jpg,1
deadlift/deadlift88.jpg,1
deadlift/deadlift89.jpg,1
deadlift/deadlift9.jpg,1
deadlift/deadlift90.jpg,1
deadlift/deadlift91.jpg,1
deadlift/deadlift92.jpg,1
deadlift/deadlift93.jpg,1
deadlift/deadlift94.jpg,1
deadlift/deadlift95.jpg,1
deadlift/deadlift96.jpg,1
deadlift/deadlift97.jpg,1
deadlift/deadlift98.jpg,1
deadlift/deadlift99.jpg,1
deadlift/rotated99.jpg,1
squat/squat0.jpg,2
squat/squat1.jpg,2
squat/squat10.jpg,2
squat/squat100.jpg,2
squat/squat101.jpg,2
squat/squat102.jpg,2
squat/squat103.jpg,2
squat/squat104.jpg,2
squat/squat105.jpg,2
squat/squat106.jpg,2
squat/squat107.jpg,2
squat/squat108.jpg,2
squat/squat109.jpg,2
squat/squat11.jpg,2
squat/squat110.jpg,2
squat/squat111.jpg,2
squat/squat112.jpg,2
squat/squat113.jpg,2
squat/squat114.jpg,2
squat/squat115.jpg,2
squat/squat116.jpg,2
squat/squat117.jpg,2
squat/squat118.jpg,2
squat/squat119.jpg,2
squat/squat12.jpg,2
squat/squat120.jpg,2
squat/squat121.jpg,2
squat/squat122.jpg,2
squat/squat123.jpg,2
squat/squat124.jpg,2
squat/squat125.jpg,2
squat/squat126.jpg,2
squat/squat127.jpg,2
squat/squat128.jpg,2
squat/squat129.jpg,2
squat/squat13.jpg,2
squat/squat130.jpg,2
squat/squat131.jpg,2
squat/squat132.jpg,2
squat/squat133.jpg,2
squat/squat134.jpg,2
squat/squat135.jpg,2
squat/squat136.jpg,2
squat/squat137.jpg,2
squat/squat138.jpg,2
squat/squat139.jpg,2
squat/squat14.jpg,2
squat/squat140.jpg,2
squat/squat141.jpg,2
squat/squat142.jpg,2
squat/squat143.jpg,2
squat/squat144.jpg,2
squat/squat145.jpg,2
squat/squat146.jpg,2
squat/squat147.jpg,2
squat/squat148.jpg,2
squat/squat149.jpg,2
squat/squat15.jpg,2
squat/squat150.jpg,2
squat/squat151.jpg,2
squat/squat152.jpg,2
squat/squat153.jpg,2
squat/squat154.jpg,2
squat/squat155.jpg,2
squat/squat156.jpg,2
squat/squat157.jpg,2
squat/squat158.jpg,2
squat/squat159.jpg,2
squat/squat16.jpg,2
squat/squat160.jpg,2
squat/squat161.jpg,2
squat/squat162.jpg,2
squat/squat163.jpg,2
squat/squat164.jpg,2
squat/squat165.jpg,2
squat/squat166.jpg,2
squat/squat167.jpg,2
squat/squat168.jpg,2
squat/squat169.jpg,2
squat/squat17.jpg,2
squat/squat170.jpg,2
squat/squat171.jpg,2
squat/squat172.jpg,2
squat/squat173.jpg,2
squat/squat174.jpg,2
squat/squat175.jpg,2
squat/squat176.jpg,2
squat/squat177.jpg,2
squat/squat178.jpg,2
squat/squat179.jpg,2
squat/squat18.jpg,2
squat/squat180.jpg,2
squat/squat181.jpg,2
squat/squat182.jpg,2
squat/squat183.jpg,2
squat/squat184.jpg,2
squat/squat185.jpg,2
squat/squat186.jpg,2
squat/squat187.jpg,2
squat/squat188.jpg,2
squat/squat189.jpg,2
squat/squat19.jpg,2
squat/squat190.jpg,2
squat/squat191.jpg,2
squat/squat192.jpg,2
squat/squat193.jpg,2
squat/squat194.jpg,2
squat/squat195.jpg,2
squat/squat196.jpg,2
squat/squat197.jpg,2
squat/squat198.jpg,2
squat/squat199.jpg,2
squat/squat2.jpg,2
squat/squat20.jpg,2
squat/squat200.jpg,2
squat/squat201.jpg,2
squat/squat202.jpg,2
squat/squat203.jpg,2
squat/squat204.jpg,2
squat/squat205.jpg,2
squat/squat206.jpg,2
squat/squat207.jpg,2
squat/squat208.jpg,2
squat/squat209.jpg,2
squat/squat21.jpg,2
squat/squat210.jpg,2
squat/squat211.jpg,2
squat/squat212.jpg,2
squat/squat213.jpg,2
squat/squat214.jpg,2
squat/squat215.jpg,2
squat/squat216.jpg,2
squat/squat217.jpg,2
squat/squat218.jpg,2
squat/squat219.jpg,2
squat/squat22.jpg,2
squat/squat220.jpg,2
squat/squat221.jpg,2
squat/squat222.jpg,2
squat/squat223.jpg,2
squat/squat224.jpg,2
squat/squat225.jpg,2
squat/squat226.jpg,2
squat/squat227.jpg,2
squat/squat228.jpg,2
squat/squat229.jpg,2
squat/squat23.jpg,2
squat/squat230.jpg,2
squat/squat231.jpg,2
squat/squat232.jpg,2
squat/squat233.jpg,2
squat/squat234.jpg,2
squat/squat235.jpg,2
squat/squat236.jpg,2
squat/squat237.jpg,2
squat/squat238.jpg,2
squat/squat239.jpg,2
squat/squat24.jpg,2
squat/squat240.jpg,2
squat/squat241.jpg,2
squat/squat242.jpg,2
squat/squat243.jpg,2
squat/squat244.jpg,2
squat/squat245.jpg,2
squat/squat246.jpg,2
squat/squat247.jpg,2
squat/squat248.jpg,2
squat/squat249.jpg,2
squat/squat25.jpg,2
squat/squat250.jpg,2
squat/squat251.jpg,2
squat/squat252.jpg,2
squat/squat253.jpg,2
squat/squat254.jpg,2
squat/squat255.jpg,2
squat/squat256.jpg,2
squat/squat257.jpg,2
squat/squat258.jpg,2
squat/squat259.jpg,2
squat/squat26.jpg,2
squat/squat260.jpg,2
squat/squat261.jpg,2
squat/squat262.jpg,2
squat/squat263.jpg,2
squat/squat264.jpg,2
squat/squat265.jpg,2
squat/squat266.jpg,2
squat/squat267.jpg,2
squat/squat268.jpg,2
squat/squat269.jpg,2
squat/squat27.jpg,2
squat/squat270.jpg,2
squat/squat271.jpg,2
squat/squat272.jpg,2
squat/squat273.jpg,2
squat/squat274.jpg,2
squat/squat275.jpg,2
squat/squat276.jpg,2
squat/squat277.jpg,2
squat/squat278.jpg,2
squat/squat279.jpg,2
squat/squat28.jpg,2
squat/squat280.jpg,2
squat/squat281.jpg,2
squat/squat282.jpg,2
squat/squat283.jpg,2
squat/squat284.jpg,2
squat/squat285.jpg,2
squat/squat286.jpg,2
squat/squat287.jpg,2
squat/squat288.jpg,2
squat/squat289.jpg,2
squat/squat29.jpg,2
squat/squat290.jpg,2
squat/squat291.jpg,2
squat/squat292.jpg,2
squat/squat293.jpg,2
squat/squat294.jpg,2
squat/squat295.jpg,2
squat/squat296.jpg,2
squat/squat297.jpg,2
squat/squat298.jpg,2
squat/squat299.jpg,2
squat/squat3.jpg,2
squat/squat30.jpg,2
squat/squat300.jpg,2
squat/squat301.jpg,2
squat/squat302.jpg,2
squat/squat31.jpg,2
squat/squat32.jpg,2
squat/squat33.jpg,2
squat/squat34.jpg,2
squat/squat35.jpg,2
squat/squat36.jpg,2
squat/squat37.jpg,2
squat/squat38.jpg,2
squat/squat39.jpg,2
squat/squat4.jpg,2
squat/squat40.jpg,2
squat/squat41.jpg,2
squat/squat42.jpg,2
squat/squat43.jpg,2
squat/squat44.jpg,2
squat/squat45.jpg,2
squat/squat46.jpg,2
squat/squat47.jpg,2
squat/squat48.jpg,2
squat/squat49.jpg,2
squat/squat5.jpg,2
squat/squat50.jpg,2
squat/squat51.jpg,2
squat/squat52.jpg,2
squat/squat53.jpg,2
squat/squat54.jpg,2
squat/squat55.jpg,2
squat/squat56.jpg,2
squat/squat57.jpg,2
squat/squat58.jpg,2
squat/squat59.jpg,2
squat/squat6.jpg,2
squat/squat60.jpg,2
squat/squat61.jpg,2
squat/squat62.jpg,2
squat/squat63.jpg,2
squat/squat64.jpg,2
squat/squat65.jpg,2
squat/squat66.jpg,2
squat/squat67.jpg,2
squat/squat68.jpg,2
squat/squat69.jpg,2
squat/squat7.jpg,2
squat/squat70.jpg,2
squat/squat71.jpg,2
squat/squat72.jpg,2
squat/squat73.jpg,2
squat/squat74.jpg,2
squat/squat75.jpg,2
squat/squat76.jpg,2
squat/squat77.jpg,2
squat/squat78.jpg,2
squat/squat79.jpg,2
squat/squat8.jpg,2
squat/squat80.jpg,2
squat/squat81.jpg,2
squat/squat82.jpg,2
squat/squat83.jpg,2
squat/squat84.jpg,2
squat/squat85.jpg,2
squat/squat86.jpg,2
squat/squat87.jpg,2
squat/squat88.jpg,2
squat/squat89.jpg,2
squat/squat9.jpg,2
squat/squat90.jpg,2
squat/squat91.jpg,2
squat/squat92.jpg,2
squat/squat93.jpg,2
squat/squat94.jpg,2
squat/squat95.jpg,2
squat/squat96.jpg,2
squat/squat97.jpg,2
squat/squat98.jpg,2
squat/squat99.jpg,2
